Round Number,Date,Location,Home Team,Away Team,Result
1,22/10/19 20:00,Scotiabank Arena,Toronto Raptors,New Orleans Pelicans,130 - 122
1,22/10/19 22:30,Staples Center,LA Clippers,Los Angeles Lakers,112 - 102
1,23/10/19 19:00,Spectrum Center,Charlotte Hornets,Chicago Bulls,126 - 125
1,23/10/19 19:00,Bankers Life Fieldhouse,Indiana Pacers,Detroit Pistons,110 - 119
1,23/10/19 19:00,Amway Center,Orlando Magic,Cleveland Cavaliers,94 - 85
1,23/10/19 19:30,Barclays Center,Brooklyn Nets,Minnesota Timberwolves,126 - 127
1,23/10/19 19:30,AmericanAirlines Arena,Miami Heat,Memphis Grizzlies,120 - 101
1,23/10/19 19:30,Wells Fargo Center,Philadelphia 76ers,Boston Celtics,107 - 93
1,23/10/19 20:30,American Airlines Center,Dallas Mavericks,Washington Wizards,108 - 100
1,23/10/19 20:30,AT&T Center,San Antonio Spurs,New York Knicks,120 - 111
1,23/10/19 21:00,Vivint Smart Home Arena,Utah Jazz,Oklahoma City Thunder,100 - 95
1,23/10/19 22:00,Talking Stick Resort Arena,Phoenix Suns,Sacramento Kings,124 - 95
1,23/10/19 22:00,Moda Center,Portland Trail Blazers,Denver Nuggets,100 - 108
1,24/10/19 19:00,Little Caesars Arena,Detroit Pistons,Atlanta Hawks,100 - 117
1,24/10/19 20:00,Toyota Center,Houston Rockets,Milwaukee Bucks,111 - 117
1,24/10/19 22:30,Chase Center,Golden State Warriors,LA Clippers,122 - 141
1,25/10/19 19:00,TD Garden,Boston Celtics,Toronto Raptors,112 - 106
1,25/10/19 19:00,Spectrum Center,Charlotte Hornets,Minnesota Timberwolves,99 - 121
1,25/10/19 19:30,Barclays Center,Brooklyn Nets,New York Knicks,113 - 109
1,25/10/19 20:00,FedExForum,Memphis Grizzlies,Chicago Bulls,102 - 110
1,25/10/19 20:00,Smoothie King Center,New Orleans Pelicans,Dallas Mavericks,116 - 123
1,25/10/19 20:00,Chesapeake Energy Arena,Oklahoma City Thunder,Washington Wizards,85 - 97
1,25/10/19 21:00,Pepsi Center,Denver Nuggets,Phoenix Suns,108 - 107
1,25/10/19 22:00,Golden 1 Center,Sacramento Kings,Portland Trail Blazers,81 - 113
1,25/10/19 22:30,Staples Center,Los Angeles Lakers,Utah Jazz,95 - 86
1,26/10/19 17:00,Fiserv Forum,Milwaukee Bucks,Miami Heat,126 - 131
1,26/10/19 19:00,Little Caesars Arena,Detroit Pistons,Philadelphia 76ers,111 - 117
1,26/10/19 19:30,State Farm Arena,Atlanta Hawks,Orlando Magic,103 - 99
1,26/10/19 19:30,Madison Square Garden,New York Knicks,Boston Celtics,95 - 118
1,26/10/19 20:00,Rocket Mortgage FieldHouse,Cleveland Cavaliers,Indiana Pacers,110 - 99
1,26/10/19 20:00,United Center,Chicago Bulls,Toronto Raptors,84 - 108
1,26/10/19 20:00,Toyota Center,Houston Rockets,New Orleans Pelicans,126 - 123
1,26/10/19 20:30,AT&T Center,San Antonio Spurs,Washington Wizards,124 - 122
1,26/10/19 21:00,Vivint Smart Home Arena,Utah Jazz,Sacramento Kings,113 - 81
1,26/10/19 22:00,Talking Stick Resort Arena,Phoenix Suns,LA Clippers,130 - 122
1,27/10/19 15:30,Chesapeake Energy Arena,Oklahoma City Thunder,Golden State Warriors,120 - 92
1,27/10/19 18:00,FedExForum,Memphis Grizzlies,Brooklyn Nets,134 - 133
1,27/10/19 19:00,American Airlines Center,Dallas Mavericks,Portland Trail Blazers,119 - 121
1,27/10/19 19:00,Target Center,Minnesota Timberwolves,Miami Heat,116 - 109
1,27/10/19 21:30,Staples Center,Los Angeles Lakers,Charlotte Hornets,120 - 101
1,28/10/19 19:00,Little Caesars Arena,Detroit Pistons,Indiana Pacers,96 - 94
1,28/10/19 19:00,Madison Square Garden,New York Knicks,Chicago Bulls,105 - 98
1,28/10/19 19:30,State Farm Arena,Atlanta Hawks,Philadelphia 76ers,103 - 105
1,28/10/19 19:30,Scotiabank Arena,Toronto Raptors,Orlando Magic,104 - 95
1,28/10/19 20:00,Toyota Center,Houston Rockets,Oklahoma City Thunder,116 - 112
1,28/10/19 20:00,Fiserv Forum,Milwaukee Bucks,Cleveland Cavaliers,129 - 112
1,28/10/19 20:00,Smoothie King Center,New Orleans Pelicans,Golden State Warriors,123 - 134
1,28/10/19 20:30,AT&T Center,San Antonio Spurs,Portland Trail Blazers,113 - 110
1,28/10/19 22:00,Talking Stick Resort Arena,Phoenix Suns,Utah Jazz,95 - 96
1,28/10/19 22:00,Golden 1 Center,Sacramento Kings,Denver Nuggets,94 - 101
1,28/10/19 22:30,Staples Center,LA Clippers,Charlotte Hornets,111 - 96
1,29/10/19 19:30,AmericanAirlines Arena,Miami Heat,Atlanta Hawks,112 - 97
1,29/10/19 21:00,Pepsi Center,Denver Nuggets,Dallas Mavericks,106 - 109
1,29/10/19 22:30,Staples Center,Los Angeles Lakers,Memphis Grizzlies,120 - 91
1,30/10/19 19:00,Rocket Mortgage FieldHouse,Cleveland Cavaliers,Chicago Bulls,117 - 111
1,30/10/19 19:00,Amway Center,Orlando Magic,New York Knicks,95 - 83
1,30/10/19 19:00,Wells Fargo Center,Philadelphia 76ers,Minnesota Timberwolves,117 - 95
1,30/10/19 19:30,TD Garden,Boston Celtics,Milwaukee Bucks,116 - 105
1,30/10/19 19:30,Barclays Center,Brooklyn Nets,Indiana Pacers,108 - 118
1,30/10/19 19:30,Scotiabank Arena,Toronto Raptors,Detroit Pistons,125 - 113
1,30/10/19 20:00,Capital One Arena,Washington Wizards,Houston Rockets,158 - 159
1,30/10/19 20:00,Chesapeake Energy Arena,Oklahoma City Thunder,Portland Trail Blazers,99 - 102
1,30/10/19 22:00,Vivint Smart Home Arena,Utah Jazz,LA Clippers,110 - 96
1,30/10/19 22:00,Golden 1 Center,Sacramento Kings,Charlotte Hornets,111 - 118
1,30/10/19 22:30,Chase Center,Golden State Warriors,Phoenix Suns,110 - 121
1,31/10/19 19:00,State Farm Arena,Atlanta Hawks,Miami Heat,97 - 106
2,31/10/19 21:30,Smoothie King Center,New Orleans Pelicans,Denver Nuggets,122 - 107
2,31/10/19 22:30,Staples Center,LA Clippers,San Antonio Spurs,103 - 97
2,1/11/19 19:00,Barclays Center,Brooklyn Nets,Houston Rockets,123 - 116
2,1/11/19 19:00,Bankers Life Fieldhouse,Indiana Pacers,Cleveland Cavaliers,102 - 95
2,1/11/19 19:00,Amway Center,Orlando Magic,Milwaukee Bucks,91 - 123
2,1/11/19 19:30,TD Garden,Boston Celtics,New York Knicks,104 - 102
2,1/11/19 20:00,United Center,Chicago Bulls,Detroit Pistons,112 - 106
2,1/11/19 21:30,American Airlines Center,Dallas Mavericks,Los Angeles Lakers,110 - 119
2,1/11/19 22:00,Golden 1 Center,Sacramento Kings,Utah Jazz,102 - 101
2,1/11/19 22:30,Chase Center,Golden State Warriors,San Antonio Spurs,110 - 127
2,2/11/19 17:00,Chesapeake Energy Arena,Oklahoma City Thunder,New Orleans Pelicans,115 - 104
2,2/11/19 19:00,Little Caesars Arena,Detroit Pistons,Brooklyn Nets,113 - 109
2,2/11/19 19:00,Amway Center,Orlando Magic,Denver Nuggets,87 - 91
2,2/11/19 20:00,Capital One Arena,Washington Wizards,Minnesota Timberwolves,109 - 131
2,2/11/19 20:00,FedExForum,Memphis Grizzlies,Phoenix Suns,105 - 114
2,2/11/19 20:00,Fiserv Forum,Milwaukee Bucks,Toronto Raptors,115 - 105
2,2/11/19 20:30,Chase Center,Golden State Warriors,Charlotte Hornets,87 - 93
2,2/11/19 22:00,Moda Center,Portland Trail Blazers,Philadelphia 76ers,128 - 129
2,3/11/19 17:00,Bankers Life Fieldhouse,Indiana Pacers,Chicago Bulls,108 - 95
2,3/11/19 18:00,AmericanAirlines Arena,Miami Heat,Houston Rockets,129 - 100
2,3/11/19 18:00,Madison Square Garden,New York Knicks,Sacramento Kings,92 - 113
2,3/11/19 19:00,AT&T Center,San Antonio Spurs,Los Angeles Lakers,96 - 103
2,3/11/19 19:30,Rocket Mortgage FieldHouse,Cleveland Cavaliers,Dallas Mavericks,111 - 131
2,3/11/19 21:00,Staples Center,LA Clippers,Utah Jazz,105 - 94
2,4/11/19 19:00,Capital One Arena,Washington Wizards,Detroit Pistons,
2,4/11/19 19:30,Barclays Center,Brooklyn Nets,New Orleans Pelicans,
2,4/11/19 20:00,FedExForum,Memphis Grizzlies,Houston Rockets,
2,4/11/19 20:00,Target Center,Minnesota Timberwolves,Milwaukee Bucks,
2,4/11/19 21:00,Talking Stick Resort Arena,Phoenix Suns,Philadelphia 76ers,
2,4/11/19 22:30,Chase Center,Golden State Warriors,Portland Trail Blazers,
2,5/11/19 19:00,Spectrum Center,Charlotte Hornets,Indiana Pacers,
2,5/11/19 19:00,Rocket Mortgage FieldHouse,Cleveland Cavaliers,Boston Celtics,
2,5/11/19 19:30,State Farm Arena,Atlanta Hawks,San Antonio Spurs,
2,5/11/19 20:00,United Center,Chicago Bulls,Los Angeles Lakers,
2,5/11/19 20:00,Chesapeake Energy Arena,Oklahoma City Thunder,Orlando Magic,
2,5/11/19 21:00,Pepsi Center,Denver Nuggets,Miami Heat,
2,6/11/19 19:00,Little Caesars Arena,Detroit Pistons,New York Knicks,
2,6/11/19 19:00,Bankers Life Fieldhouse,Indiana Pacers,Washington Wizards,
2,6/11/19 19:30,State Farm Arena,Atlanta Hawks,Chicago Bulls,
2,6/11/19 19:30,Scotiabank Arena,Toronto Raptors,Sacramento Kings,
2,6/11/19 19:30,Toyota Center,Houston Rockets,Golden State Warriors,
2,6/11/19 20:00,FedExForum,Memphis Grizzlies,Minnesota Timberwolves,
2,6/11/19 20:30,American Airlines Center,Dallas Mavericks,Orlando Magic,
2,6/11/19 21:00,Vivint Smart Home Arena,Utah Jazz,Philadelphia 76ers,
2,6/11/19 22:00,Staples Center,LA Clippers,Milwaukee Bucks,
3,7/11/19 20:00,Spectrum Center,Charlotte Hornets,Boston Celtics,
3,7/11/19 20:30,AT&T Center,San Antonio Spurs,Oklahoma City Thunder,
3,7/11/19 21:00,Talking Stick Resort Arena,Phoenix Suns,Miami Heat,
3,7/11/19 22:30,Staples Center,LA Clippers,Portland Trail Blazers,
3,8/11/19 19:00,Bankers Life Fieldhouse,Indiana Pacers,Detroit Pistons,
3,8/11/19 19:00,Amway Center,Orlando Magic,Memphis Grizzlies,
3,8/11/19 19:00,Capital One Arena,Washington Wizards,Cleveland Cavaliers,
3,8/11/19 19:30,State Farm Arena,Atlanta Hawks,Sacramento Kings,
3,8/11/19 20:00,Target Center,Minnesota Timberwolves,Golden State Warriors,
3,8/11/19 20:00,Smoothie King Center,New Orleans Pelicans,Toronto Raptors,
3,8/11/19 20:30,American Airlines Center,Dallas Mavericks,New York Knicks,
3,8/11/19 21:00,Pepsi Center,Denver Nuggets,Philadelphia 76ers,
3,8/11/19 21:00,Vivint Smart Home Arena,Utah Jazz,Milwaukee Bucks,
3,8/11/19 22:00,Moda Center,Portland Trail Blazers,Brooklyn Nets,
3,8/11/19 22:30,Staples Center,Los Angeles Lakers,Miami Heat,
3,9/11/19 17:00,AT&T Center,San Antonio Spurs,Boston Celtics,
3,9/11/19 19:00,Spectrum Center,Charlotte Hornets,New Orleans Pelicans,
3,9/11/19 20:00,United Center,Chicago Bulls,Houston Rockets,
3,9/11/19 20:00,FedExForum,Memphis Grizzlies,Dallas Mavericks,
3,9/11/19 20:00,Chesapeake Energy Arena,Oklahoma City Thunder,Golden State Warriors,
3,10/11/19 15:30,Target Center,Minnesota Timberwolves,Denver Nuggets,
3,10/11/19 18:00,Amway Center,Orlando Magic,Indiana Pacers,
3,10/11/19 18:00,Wells Fargo Center,Philadelphia 76ers,Charlotte Hornets,
3,10/11/19 19:00,Chesapeake Energy Arena,Oklahoma City Thunder,Milwaukee Bucks,
3,10/11/19 19:30,Madison Square Garden,New York Knicks,Cleveland Cavaliers,
3,10/11/19 20:00,Talking Stick Resort Arena,Phoenix Suns,Brooklyn Nets,
3,10/11/19 21:00,Moda Center,Portland Trail Blazers,Atlanta Hawks,
3,10/11/19 21:30,Staples Center,Los Angeles Lakers,Toronto Raptors,
3,11/11/19 19:00,Little Caesars Arena,Detroit Pistons,Minnesota Timberwolves,
3,11/11/19 19:30,TD Garden,Boston Celtics,Dallas Mavericks,
3,11/11/19 19:30,AT&T Center,San Antonio Spurs,Memphis Grizzlies,
3,11/11/19 20:00,Smoothie King Center,New Orleans Pelicans,Houston Rockets,
3,11/11/19 22:30,Chase Center,Golden State Warriors,Utah Jazz,
3,11/11/19 22:30,Staples Center,LA Clippers,Toronto Raptors,
3,12/11/19 19:00,Bankers Life Fieldhouse,Indiana Pacers,Oklahoma City Thunder,
3,12/11/19 19:00,Wells Fargo Center,Philadelphia 76ers,Cleveland Cavaliers,
3,12/11/19 19:30,AmericanAirlines Arena,Miami Heat,Detroit Pistons,
3,12/11/19 20:00,United Center,Chicago Bulls,New York Knicks,
3,12/11/19 21:00,Pepsi Center,Denver Nuggets,Atlanta Hawks,
3,12/11/19 21:00,Talking Stick Resort Arena,Phoenix Suns,Los Angeles Lakers,
3,12/11/19 21:00,Vivint Smart Home Arena,Utah Jazz,Brooklyn Nets,
3,12/11/19 22:00,Golden 1 Center,Sacramento Kings,Portland Trail Blazers,
3,13/11/19 19:00,Spectrum Center,Charlotte Hornets,Memphis Grizzlies,
3,13/11/19 19:00,Amway Center,Orlando Magic,Philadelphia 76ers,
3,13/11/19 19:30,TD Garden,Boston Celtics,Washington Wizards,
3,13/11/19 19:30,Toyota Center,Houston Rockets,LA Clippers,
3,13/11/19 20:00,Target Center,Minnesota Timberwolves,San Antonio Spurs,
3,13/11/19 22:00,Staples Center,Los Angeles Lakers,Golden State Warriors,
3,13/11/19 22:00,Moda Center,Portland Trail Blazers,Toronto Raptors,
3,14/11/19 18:00,Rocket Mortgage FieldHouse,Cleveland Cavaliers,Miami Heat,
4,14/11/19 20:00,Madison Square Garden,New York Knicks,Dallas Mavericks,
4,14/11/19 20:00,Fiserv Forum,Milwaukee Bucks,Chicago Bulls,
4,14/11/19 20:00,Smoothie King Center,New Orleans Pelicans,LA Clippers,
4,14/11/19 21:00,Talking Stick Resort Arena,Phoenix Suns,Atlanta Hawks,
4,14/11/19 22:30,Pepsi Center,Denver Nuggets,Brooklyn Nets,
4,15/11/19 19:00,Spectrum Center,Charlotte Hornets,Detroit Pistons,
4,15/11/19 19:00,Amway Center,Orlando Magic,San Antonio Spurs,
4,15/11/19 20:00,Toyota Center,Houston Rockets,Indiana Pacers,
4,15/11/19 20:00,FedExForum,Memphis Grizzlies,Utah Jazz,
4,15/11/19 20:00,Target Center,Minnesota Timberwolves,Washington Wizards,
4,15/11/19 20:00,Chesapeake Energy Arena,Oklahoma City Thunder,Philadelphia 76ers,
4,15/11/19 22:30,Chase Center,Golden State Warriors,Boston Celtics,
4,15/11/19 22:30,Staples Center,Los Angeles Lakers,Sacramento Kings,
4,16/11/19 18:00,United Center,Chicago Bulls,Brooklyn Nets,
4,16/11/19 19:00,Bankers Life Fieldhouse,Indiana Pacers,Milwaukee Bucks,
4,16/11/19 19:30,Madison Square Garden,New York Knicks,Charlotte Hornets,
4,16/11/19 20:00,AmericanAirlines Arena,Miami Heat,New Orleans Pelicans,
4,16/11/19 20:00,Target Center,Minnesota Timberwolves,Houston Rockets,
4,16/11/19 20:30,American Airlines Center,Dallas Mavericks,Toronto Raptors,
4,16/11/19 20:30,AT&T Center,San Antonio Spurs,Portland Trail Blazers,
4,16/11/19 22:30,Staples Center,LA Clippers,Atlanta Hawks,
4,17/11/19 15:00,Rocket Mortgage FieldHouse,Cleveland Cavaliers,Philadelphia 76ers,
4,17/11/19 15:30,Golden 1 Center,Sacramento Kings,Boston Celtics,
4,17/11/19 18:00,Amway Center,Orlando Magic,Washington Wizards,
4,17/11/19 18:00,FedExForum,Memphis Grizzlies,Denver Nuggets,
4,17/11/19 19:00,Smoothie King Center,New Orleans Pelicans,Golden State Warriors,
4,17/11/19 21:30,Staples Center,Los Angeles Lakers,Atlanta Hawks,
4,18/11/19 19:00,Madison Square Garden,New York Knicks,Cleveland Cavaliers,
4,18/11/19 19:30,Barclays Center,Brooklyn Nets,Indiana Pacers,
4,18/11/19 19:30,Scotiabank Arena,Toronto Raptors,Charlotte Hornets,
4,18/11/19 20:00,United Center,Chicago Bulls,Milwaukee Bucks,
4,18/11/19 20:00,Toyota Center,Houston Rockets,Portland Trail Blazers,
4,18/11/19 20:30,American Airlines Center,Dallas Mavericks,San Antonio Spurs,
4,18/11/19 21:00,Talking Stick Resort Arena,Phoenix Suns,Boston Celtics,
4,18/11/19 21:00,Vivint Smart Home Arena,Utah Jazz,Minnesota Timberwolves,
4,18/11/19 22:30,Staples Center,LA Clippers,Oklahoma City Thunder,
4,19/11/19 20:00,FedExForum,Memphis Grizzlies,Golden State Warriors,
4,19/11/19 20:00,Smoothie King Center,New Orleans Pelicans,Portland Trail Blazers,
4,19/11/19 22:00,Golden 1 Center,Sacramento Kings,Phoenix Suns,
4,19/11/19 22:30,Staples Center,Los Angeles Lakers,Oklahoma City Thunder,
4,20/11/19 19:00,Wells Fargo Center,Philadelphia 76ers,New York Knicks,
4,20/11/19 19:00,Capital One Arena,Washington Wizards,San Antonio Spurs,
4,20/11/19 19:30,State Farm Arena,Atlanta Hawks,Milwaukee Bucks,
4,20/11/19 19:30,Barclays Center,Brooklyn Nets,Charlotte Hornets,
4,20/11/19 19:30,AmericanAirlines Arena,Miami Heat,Cleveland Cavaliers,
4,20/11/19 19:30,Scotiabank Arena,Toronto Raptors,Orlando Magic,
4,20/11/19 19:30,American Airlines Center,Dallas Mavericks,Golden State Warriors,
4,20/11/19 20:00,United Center,Chicago Bulls,Detroit Pistons,
4,20/11/19 20:00,Target Center,Minnesota Timberwolves,Utah Jazz,
4,20/11/19 21:00,Pepsi Center,Denver Nuggets,Houston Rockets,
4,20/11/19 22:00,Staples Center,LA Clippers,Boston Celtics,
5,21/11/19 20:00,Fiserv Forum,Milwaukee Bucks,Portland Trail Blazers,
5,21/11/19 22:30,Talking Stick Resort Arena,Phoenix Suns,New Orleans Pelicans,
5,22/11/19 19:00,Little Caesars Arena,Detroit Pistons,Atlanta Hawks,
5,22/11/19 19:00,Capital One Arena,Washington Wizards,Charlotte Hornets,
5,22/11/19 19:30,Barclays Center,Brooklyn Nets,Sacramento Kings,
5,22/11/19 20:00,Wells Fargo Center,Philadelphia 76ers,San Antonio Spurs,
5,22/11/19 20:00,United Center,Chicago Bulls,Miami Heat,
5,22/11/19 20:00,Chesapeake Energy Arena,Oklahoma City Thunder,Los Angeles Lakers,
5,22/11/19 20:30,American Airlines Center,Dallas Mavericks,Cleveland Cavaliers,
5,22/11/19 21:00,Pepsi Center,Denver Nuggets,Boston Celtics,
5,22/11/19 21:00,Vivint Smart Home Arena,Utah Jazz,Golden State Warriors,
5,22/11/19 22:30,Staples Center,LA Clippers,Houston Rockets,
5,23/11/19 17:00,Target Center,Minnesota Timberwolves,Phoenix Suns,
5,23/11/19 19:00,Spectrum Center,Charlotte Hornets,Chicago Bulls,
5,23/11/19 19:00,Bankers Life Fieldhouse,Indiana Pacers,Orlando Magic,
5,23/11/19 19:30,State Farm Arena,Atlanta Hawks,Toronto Raptors,
5,23/11/19 19:30,Madison Square Garden,New York Knicks,San Antonio Spurs,
5,23/11/19 19:30,Wells Fargo Center,Philadelphia 76ers,Miami Heat,
5,23/11/19 20:00,Rocket Mortgage FieldHouse,Cleveland Cavaliers,Portland Trail Blazers,
5,23/11/19 20:00,FedExForum,Memphis Grizzlies,Los Angeles Lakers,
5,23/11/19 20:30,Fiserv Forum,Milwaukee Bucks,Detroit Pistons,
5,23/11/19 21:00,Vivint Smart Home Arena,Utah Jazz,New Orleans Pelicans,
5,24/11/19 15:30,Toyota Center,Houston Rockets,Dallas Mavericks,
5,24/11/19 18:00,Madison Square Garden,New York Knicks,Brooklyn Nets,
5,24/11/19 18:00,Capital One Arena,Washington Wizards,Sacramento Kings,
5,24/11/19 20:00,Pepsi Center,Denver Nuggets,Phoenix Suns,
5,24/11/19 21:00,Staples Center,LA Clippers,New Orleans Pelicans,
5,25/11/19 19:00,Rocket Mortgage FieldHouse,Cleveland Cavaliers,Brooklyn Nets,
5,25/11/19 19:00,Little Caesars Arena,Detroit Pistons,Orlando Magic,
5,25/11/19 19:00,Bankers Life Fieldhouse,Indiana Pacers,Memphis Grizzlies,
5,25/11/19 19:30,State Farm Arena,Atlanta Hawks,Minnesota Timberwolves,
5,25/11/19 19:30,TD Garden,Boston Celtics,Sacramento Kings,
5,25/11/19 19:30,AmericanAirlines Arena,Miami Heat,Charlotte Hornets,
5,25/11/19 19:30,Scotiabank Arena,Toronto Raptors,Philadelphia 76ers,
5,25/11/19 20:00,United Center,Chicago Bulls,Portland Trail Blazers,
5,25/11/19 20:00,Fiserv Forum,Milwaukee Bucks,Utah Jazz,
5,25/11/19 20:30,AT&T Center,San Antonio Spurs,Los Angeles Lakers,
5,25/11/19 22:30,Chase Center,Golden State Warriors,Oklahoma City Thunder,
5,26/11/19 20:30,American Airlines Center,Dallas Mavericks,LA Clippers,
5,26/11/19 21:00,Pepsi Center,Denver Nuggets,Washington Wizards,
5,27/11/19 19:00,TD Garden,Boston Celtics,Brooklyn Nets,
5,27/11/19 19:00,Spectrum Center,Charlotte Hornets,Detroit Pistons,
5,27/11/19 19:00,Rocket Mortgage FieldHouse,Cleveland Cavaliers,Orlando Magic,
5,27/11/19 19:00,Bankers Life Fieldhouse,Indiana Pacers,Utah Jazz,
5,27/11/19 19:00,Wells Fargo Center,Philadelphia 76ers,Sacramento Kings,
5,27/11/19 19:30,Scotiabank Arena,Toronto Raptors,New York Knicks,
5,27/11/19 20:00,Toyota Center,Houston Rockets,Miami Heat,
5,27/11/19 20:00,FedExForum,Memphis Grizzlies,LA Clippers,
5,27/11/19 20:00,Fiserv Forum,Milwaukee Bucks,Atlanta Hawks,
5,27/11/19 20:30,AT&T Center,San Antonio Spurs,Minnesota Timberwolves,
5,27/11/19 21:00,Talking Stick Resort Arena,Phoenix Suns,Washington Wizards,
5,27/11/19 21:30,Smoothie King Center,New Orleans Pelicans,Los Angeles Lakers,
5,27/11/19 22:00,Moda Center,Portland Trail Blazers,Oklahoma City Thunder,
5,27/11/19 22:30,Chase Center,Golden State Warriors,Chicago Bulls,
6,29/11/19 12:00,Barclays Center,Brooklyn Nets,Boston Celtics,
6,29/11/19 19:00,Little Caesars Arena,Detroit Pistons,Charlotte Hornets,
6,29/11/19 19:00,Amway Center,Orlando Magic,Toronto Raptors,
6,29/11/19 19:30,Rocket Mortgage FieldHouse,Cleveland Cavaliers,Milwaukee Bucks,
6,29/11/19 19:30,Madison Square Garden,New York Knicks,Philadelphia 76ers,
6,29/11/19 20:00,Bankers Life Fieldhouse,Indiana Pacers,Atlanta Hawks,
6,29/11/19 20:00,AmericanAirlines Arena,Miami Heat,Golden State Warriors,
6,29/11/19 20:00,FedExForum,Memphis Grizzlies,Utah Jazz,
6,29/11/19 20:00,Chesapeake Energy Arena,Oklahoma City Thunder,New Orleans Pelicans,
6,29/11/19 20:30,AT&T Center,San Antonio Spurs,LA Clippers,
6,29/11/19 21:00,Talking Stick Resort Arena,Phoenix Suns,Dallas Mavericks,
6,29/11/19 22:00,Moda Center,Portland Trail Blazers,Chicago Bulls,
6,29/11/19 22:30,Staples Center,Los Angeles Lakers,Washington Wizards,
6,30/11/19 17:00,Golden 1 Center,Sacramento Kings,Denver Nuggets,
6,30/11/19 19:00,Wells Fargo Center,Philadelphia 76ers,Indiana Pacers,
6,30/11/19 20:00,Toyota Center,Houston Rockets,Atlanta Hawks,
6,30/11/19 20:00,Fiserv Forum,Milwaukee Bucks,Charlotte Hornets,
6,1/12/19 15:00,Barclays Center,Brooklyn Nets,Miami Heat,
6,1/12/19 15:30,Madison Square Garden,New York Knicks,Boston Celtics,
6,1/12/19 15:30,Target Center,Minnesota Timberwolves,Memphis Grizzlies,
6,1/12/19 16:00,Staples Center,Los Angeles Lakers,Dallas Mavericks,
6,1/12/19 17:00,Little Caesars Arena,Detroit Pistons,San Antonio Spurs,
6,1/12/19 17:00,Smoothie King Center,New Orleans Pelicans,Oklahoma City Thunder,
6,1/12/19 18:00,Amway Center,Orlando Magic,Golden State Warriors,
6,1/12/19 18:00,Scotiabank Arena,Toronto Raptors,Utah Jazz,
6,1/12/19 22:30,Staples Center,LA Clippers,Washington Wizards,
6,2/12/19 19:00,Spectrum Center,Charlotte Hornets,Phoenix Suns,
6,2/12/19 19:00,Wells Fargo Center,Philadelphia 76ers,Utah Jazz,
6,2/12/19 19:30,State Farm Arena,Atlanta Hawks,Golden State Warriors,
6,2/12/19 20:00,FedExForum,Memphis Grizzlies,Indiana Pacers,
6,2/12/19 20:00,Fiserv Forum,Milwaukee Bucks,New York Knicks,
6,2/12/19 22:00,Golden 1 Center,Sacramento Kings,Chicago Bulls,
6,3/12/19 19:00,Rocket Mortgage FieldHouse,Cleveland Cavaliers,Detroit Pistons,
6,3/12/19 19:00,Capital One Arena,Washington Wizards,Orlando Magic,
6,3/12/19 19:30,Scotiabank Arena,Toronto Raptors,Miami Heat,
6,3/12/19 19:30,Smoothie King Center,New Orleans Pelicans,Dallas Mavericks,
6,3/12/19 20:30,AT&T Center,San Antonio Spurs,Houston Rockets,
6,3/12/19 21:00,Pepsi Center,Denver Nuggets,Los Angeles Lakers,
6,3/12/19 22:00,Staples Center,LA Clippers,Portland Trail Blazers,
6,4/12/19 19:00,Spectrum Center,Charlotte Hornets,Golden State Warriors,
6,4/12/19 19:00,Little Caesars Arena,Detroit Pistons,Milwaukee Bucks,
6,4/12/19 19:00,Amway Center,Orlando Magic,Phoenix Suns,
6,4/12/19 19:30,State Farm Arena,Atlanta Hawks,Brooklyn Nets,
6,4/12/19 19:30,TD Garden,Boston Celtics,Miami Heat,
6,4/12/19 20:00,United Center,Chicago Bulls,Memphis Grizzlies,
6,4/12/19 20:00,Chesapeake Energy Arena,Oklahoma City Thunder,Indiana Pacers,
6,4/12/19 20:30,American Airlines Center,Dallas Mavericks,Minnesota Timberwolves,
6,4/12/19 21:00,Vivint Smart Home Arena,Utah Jazz,Los Angeles Lakers,
6,4/12/19 22:00,Moda Center,Portland Trail Blazers,Sacramento Kings,
7,5/12/19 19:00,Capital One Arena,Washington Wizards,Philadelphia 76ers,
7,5/12/19 19:30,Madison Square Garden,New York Knicks,Denver Nuggets,
7,5/12/19 19:30,Scotiabank Arena,Toronto Raptors,Houston Rockets,
7,5/12/19 20:00,Smoothie King Center,New Orleans Pelicans,Phoenix Suns,
7,6/12/19 19:00,Spectrum Center,Charlotte Hornets,Brooklyn Nets,
7,6/12/19 19:00,Rocket Mortgage FieldHouse,Cleveland Cavaliers,Orlando Magic,
7,6/12/19 19:00,Little Caesars Arena,Detroit Pistons,Indiana Pacers,
7,6/12/19 20:00,TD Garden,Boston Celtics,Denver Nuggets,
7,6/12/19 20:00,AmericanAirlines Arena,Miami Heat,Washington Wizards,
7,6/12/19 20:00,United Center,Chicago Bulls,Golden State Warriors,
7,6/12/19 20:00,Chesapeake Energy Arena,Oklahoma City Thunder,Minnesota Timberwolves,
7,6/12/19 20:30,Fiserv Forum,Milwaukee Bucks,LA Clippers,
7,6/12/19 20:30,AT&T Center,San Antonio Spurs,Sacramento Kings,
7,6/12/19 22:30,Moda Center,Portland Trail Blazers,Los Angeles Lakers,
7,7/12/19 14:00,American Airlines Center,Dallas Mavericks,New Orleans Pelicans,
7,7/12/19 19:30,Madison Square Garden,New York Knicks,Indiana Pacers,
7,7/12/19 19:30,Wells Fargo Center,Philadelphia 76ers,Cleveland Cavaliers,
7,7/12/19 20:00,Toyota Center,Houston Rockets,Phoenix Suns,
7,7/12/19 22:00,Vivint Smart Home Arena,Utah Jazz,Memphis Grizzlies,
7,8/12/19 15:00,Barclays Center,Brooklyn Nets,Denver Nuggets,
7,8/12/19 17:00,Spectrum Center,Charlotte Hornets,Atlanta Hawks,
7,8/12/19 18:00,AmericanAirlines Arena,Miami Heat,Chicago Bulls,
7,8/12/19 18:00,Wells Fargo Center,Philadelphia 76ers,Toronto Raptors,
7,8/12/19 18:00,Capital One Arena,Washington Wizards,LA Clippers,
7,8/12/19 19:00,American Airlines Center,Dallas Mavericks,Sacramento Kings,
7,8/12/19 21:00,Moda Center,Portland Trail Blazers,Oklahoma City Thunder,
7,8/12/19 21:30,Staples Center,Los Angeles Lakers,Minnesota Timberwolves,
7,9/12/19 19:00,Bankers Life Fieldhouse,Indiana Pacers,LA Clippers,
7,9/12/19 19:30,TD Garden,Boston Celtics,Cleveland Cavaliers,
7,9/12/19 20:00,United Center,Chicago Bulls,Toronto Raptors,
7,9/12/19 20:00,Toyota Center,Houston Rockets,Sacramento Kings,
7,9/12/19 20:00,Fiserv Forum,Milwaukee Bucks,Orlando Magic,
7,9/12/19 20:00,Smoothie King Center,New Orleans Pelicans,Detroit Pistons,
7,9/12/19 21:00,Talking Stick Resort Arena,Phoenix Suns,Minnesota Timberwolves,
7,9/12/19 21:00,Vivint Smart Home Arena,Utah Jazz,Oklahoma City Thunder,
7,9/12/19 22:30,Chase Center,Golden State Warriors,Memphis Grizzlies,
7,10/12/19 19:00,Spectrum Center,Charlotte Hornets,Washington Wizards,
7,10/12/19 19:00,Wells Fargo Center,Philadelphia 76ers,Denver Nuggets,
7,10/12/19 20:00,AmericanAirlines Arena,Miami Heat,Atlanta Hawks,
7,10/12/19 22:00,Moda Center,Portland Trail Blazers,New York Knicks,
7,11/12/19 19:00,Rocket Mortgage FieldHouse,Cleveland Cavaliers,Houston Rockets,
7,11/12/19 19:00,Bankers Life Fieldhouse,Indiana Pacers,Boston Celtics,
7,11/12/19 19:00,Amway Center,Orlando Magic,Los Angeles Lakers,
7,11/12/19 19:00,Scotiabank Arena,Toronto Raptors,LA Clippers,
7,11/12/19 19:30,Barclays Center,Brooklyn Nets,Charlotte Hornets,
7,11/12/19 20:00,United Center,Chicago Bulls,Atlanta Hawks,
7,11/12/19 20:00,Target Center,Minnesota Timberwolves,Utah Jazz,
7,11/12/19 21:00,Talking Stick Resort Arena,Phoenix Suns,Memphis Grizzlies,
7,11/12/19 21:30,Fiserv Forum,Milwaukee Bucks,New Orleans Pelicans,
7,11/12/19 22:00,Golden 1 Center,Sacramento Kings,Oklahoma City Thunder,
7,11/12/19 22:30,Chase Center,Golden State Warriors,New York Knicks,
8,12/12/19 20:00,TD Garden,Boston Celtics,Philadelphia 76ers,
8,12/12/19 20:30,AT&T Center,San Antonio Spurs,Cleveland Cavaliers,
8,12/12/19 21:00,Arena Ciudad de Mexico,Detroit Pistons,Dallas Mavericks,
8,12/12/19 22:30,Pepsi Center,Denver Nuggets,Portland Trail Blazers,
8,13/12/19 19:00,Amway Center,Orlando Magic,Houston Rockets,
8,13/12/19 19:00,Wells Fargo Center,Philadelphia 76ers,New Orleans Pelicans,
8,13/12/19 19:30,State Farm Arena,Atlanta Hawks,Indiana Pacers,
8,13/12/19 20:00,AmericanAirlines Arena,Miami Heat,Los Angeles Lakers,
8,13/12/19 20:00,United Center,Chicago Bulls,Charlotte Hornets,
8,13/12/19 20:00,FedExForum,Memphis Grizzlies,Milwaukee Bucks,
8,13/12/19 20:00,Target Center,Minnesota Timberwolves,LA Clippers,
8,13/12/19 22:00,Golden 1 Center,Sacramento Kings,New York Knicks,
8,13/12/19 22:30,Vivint Smart Home Arena,Utah Jazz,Golden State Warriors,
8,14/12/19 17:00,Arena Ciudad de Mexico,Phoenix Suns,San Antonio Spurs,
8,14/12/19 19:30,Scotiabank Arena,Toronto Raptors,Brooklyn Nets,
8,14/12/19 20:00,United Center,Chicago Bulls,LA Clippers,
8,14/12/19 20:00,FedExForum,Memphis Grizzlies,Washington Wizards,
8,14/12/19 20:30,American Airlines Center,Dallas Mavericks,Miami Heat,
8,14/12/19 20:30,Fiserv Forum,Milwaukee Bucks,Cleveland Cavaliers,
8,14/12/19 21:00,Toyota Center,Houston Rockets,Detroit Pistons,
8,14/12/19 21:00,Pepsi Center,Denver Nuggets,Oklahoma City Thunder,
8,15/12/19 15:30,Smoothie King Center,New Orleans Pelicans,Orlando Magic,
8,15/12/19 17:00,Bankers Life Fieldhouse,Indiana Pacers,Charlotte Hornets,
8,15/12/19 18:00,State Farm Arena,Atlanta Hawks,Los Angeles Lakers,
8,15/12/19 18:00,Barclays Center,Brooklyn Nets,Philadelphia 76ers,
8,15/12/19 20:00,Pepsi Center,Denver Nuggets,New York Knicks,
8,15/12/19 20:30,Chase Center,Golden State Warriors,Sacramento Kings,
8,16/12/19 19:00,Little Caesars Arena,Detroit Pistons,Washington Wizards,
8,16/12/19 19:30,Scotiabank Arena,Toronto Raptors,Cleveland Cavaliers,
8,16/12/19 20:00,Toyota Center,Houston Rockets,San Antonio Spurs,
8,16/12/19 20:00,FedExForum,Memphis Grizzlies,Miami Heat,
8,16/12/19 20:00,Fiserv Forum,Milwaukee Bucks,Dallas Mavericks,
8,16/12/19 20:00,Chesapeake Energy Arena,Oklahoma City Thunder,Chicago Bulls,
8,16/12/19 21:00,Talking Stick Resort Arena,Phoenix Suns,Portland Trail Blazers,
8,17/12/19 19:00,Spectrum Center,Charlotte Hornets,Sacramento Kings,
8,17/12/19 19:00,Bankers Life Fieldhouse,Indiana Pacers,Los Angeles Lakers,
8,17/12/19 19:30,Madison Square Garden,New York Knicks,Atlanta Hawks,
8,17/12/19 20:00,Smoothie King Center,New Orleans Pelicans,Brooklyn Nets,
8,17/12/19 21:00,Vivint Smart Home Arena,Utah Jazz,Orlando Magic,
8,17/12/19 22:30,Staples Center,LA Clippers,Phoenix Suns,
8,18/12/19 19:00,Rocket Mortgage FieldHouse,Cleveland Cavaliers,Charlotte Hornets,
8,18/12/19 19:00,Little Caesars Arena,Detroit Pistons,Toronto Raptors,
8,18/12/19 19:00,Capital One Arena,Washington Wizards,Chicago Bulls,
8,18/12/19 19:30,Wells Fargo Center,Philadelphia 76ers,Miami Heat,
8,18/12/19 20:00,Target Center,Minnesota Timberwolves,New Orleans Pelicans,
8,18/12/19 20:00,Chesapeake Energy Arena,Oklahoma City Thunder,Memphis Grizzlies,
8,18/12/19 20:30,American Airlines Center,Dallas Mavericks,Boston Celtics,
8,18/12/19 21:00,Pepsi Center,Denver Nuggets,Orlando Magic,
8,18/12/19 22:00,Moda Center,Portland Trail Blazers,Golden State Warriors,
9,19/12/19 19:30,State Farm Arena,Atlanta Hawks,Utah Jazz,
9,19/12/19 20:00,Fiserv Forum,Milwaukee Bucks,Los Angeles Lakers,
9,19/12/19 20:30,AT&T Center,San Antonio Spurs,Brooklyn Nets,
9,19/12/19 22:30,Staples Center,LA Clippers,Houston Rockets,
9,20/12/19 19:00,Rocket Mortgage FieldHouse,Cleveland Cavaliers,Memphis Grizzlies,
9,20/12/19 19:00,Bankers Life Fieldhouse,Indiana Pacers,Sacramento Kings,
9,20/12/19 19:30,TD Garden,Boston Celtics,Detroit Pistons,
9,20/12/19 19:30,Scotiabank Arena,Toronto Raptors,Washington Wizards,
9,20/12/19 20:00,AmericanAirlines Arena,Miami Heat,New York Knicks,
9,20/12/19 20:00,Wells Fargo Center,Philadelphia 76ers,Dallas Mavericks,
9,20/12/19 20:00,Chesapeake Energy Arena,Oklahoma City Thunder,Phoenix Suns,
9,20/12/19 21:00,Pepsi Center,Denver Nuggets,Minnesota Timberwolves,
9,20/12/19 22:00,Moda Center,Portland Trail Blazers,Orlando Magic,
9,20/12/19 22:30,Chase Center,Golden State Warriors,New Orleans Pelicans,
9,21/12/19 17:00,Spectrum Center,Charlotte Hornets,Utah Jazz,
9,21/12/19 18:00,Barclays Center,Brooklyn Nets,Atlanta Hawks,
9,21/12/19 19:00,Little Caesars Arena,Detroit Pistons,Chicago Bulls,
9,21/12/19 19:00,Wells Fargo Center,Philadelphia 76ers,Washington Wizards,
9,21/12/19 19:30,Madison Square Garden,New York Knicks,Milwaukee Bucks,
9,21/12/19 20:00,FedExForum,Memphis Grizzlies,Sacramento Kings,
9,21/12/19 20:30,AT&T Center,San Antonio Spurs,LA Clippers,
9,21/12/19 21:00,Talking Stick Resort Arena,Phoenix Suns,Houston Rockets,
9,21/12/19 22:00,Moda Center,Portland Trail Blazers,Minnesota Timberwolves,
9,22/12/19 15:30,Scotiabank Arena,Toronto Raptors,Dallas Mavericks,
9,22/12/19 18:00,TD Garden,Boston Celtics,Charlotte Hornets,
9,22/12/19 19:00,Fiserv Forum,Milwaukee Bucks,Indiana Pacers,
9,22/12/19 19:00,Chesapeake Energy Arena,Oklahoma City Thunder,LA Clippers,
9,22/12/19 21:30,Staples Center,Los Angeles Lakers,Denver Nuggets,
9,23/12/19 19:00,Rocket Mortgage FieldHouse,Cleveland Cavaliers,Atlanta Hawks,
9,23/12/19 19:00,Little Caesars Arena,Detroit Pistons,Philadelphia 76ers,
9,23/12/19 19:00,Bankers Life Fieldhouse,Indiana Pacers,Toronto Raptors,
9,23/12/19 19:00,Madison Square Garden,New York Knicks,Washington Wizards,
9,23/12/19 19:00,Amway Center,Orlando Magic,Chicago Bulls,
9,23/12/19 19:30,AmericanAirlines Arena,Miami Heat,Utah Jazz,
9,23/12/19 20:00,FedExForum,Memphis Grizzlies,San Antonio Spurs,
9,23/12/19 21:00,Talking Stick Resort Arena,Phoenix Suns,Denver Nuggets,
9,23/12/19 22:00,Moda Center,Portland Trail Blazers,New Orleans Pelicans,
9,23/12/19 22:00,Golden 1 Center,Sacramento Kings,Houston Rockets,
9,23/12/19 22:30,Chase Center,Golden State Warriors,Minnesota Timberwolves,
9,25/12/19 12:00,Scotiabank Arena,Toronto Raptors,Boston Celtics,
9,25/12/19 14:30,Wells Fargo Center,Philadelphia 76ers,Milwaukee Bucks,
9,25/12/19 17:00,Chase Center,Golden State Warriors,Houston Rockets,
9,25/12/19 20:00,Staples Center,Los Angeles Lakers,LA Clippers,
9,25/12/19 22:30,Pepsi Center,Denver Nuggets,New Orleans Pelicans,
10,26/12/19 19:00,Little Caesars Arena,Detroit Pistons,Washington Wizards,
10,26/12/19 20:00,Barclays Center,Brooklyn Nets,New York Knicks,
10,26/12/19 20:00,Chesapeake Energy Arena,Oklahoma City Thunder,Memphis Grizzlies,
10,26/12/19 20:30,American Airlines Center,Dallas Mavericks,San Antonio Spurs,
10,26/12/19 22:00,Golden 1 Center,Sacramento Kings,Minnesota Timberwolves,
10,26/12/19 22:30,Vivint Smart Home Arena,Utah Jazz,Portland Trail Blazers,
10,27/12/19 16:00,TD Garden,Boston Celtics,Cleveland Cavaliers,
10,27/12/19 19:00,Spectrum Center,Charlotte Hornets,Oklahoma City Thunder,
10,27/12/19 19:00,Amway Center,Orlando Magic,Philadelphia 76ers,
10,27/12/19 19:30,State Farm Arena,Atlanta Hawks,Milwaukee Bucks,
10,27/12/19 20:00,AmericanAirlines Arena,Miami Heat,Indiana Pacers,
10,27/12/19 22:30,Chase Center,Golden State Warriors,Phoenix Suns,
10,28/12/19 17:00,Pepsi Center,Denver Nuggets,Memphis Grizzlies,
10,28/12/19 19:00,TD Garden,Boston Celtics,Toronto Raptors,
10,28/12/19 19:00,Smoothie King Center,New Orleans Pelicans,Indiana Pacers,
10,28/12/19 20:00,AmericanAirlines Arena,Miami Heat,Philadelphia 76ers,
10,28/12/19 20:00,Capital One Arena,Washington Wizards,New York Knicks,
10,28/12/19 20:00,United Center,Chicago Bulls,Atlanta Hawks,
10,28/12/19 20:00,Toyota Center,Houston Rockets,Brooklyn Nets,
10,28/12/19 20:00,Target Center,Minnesota Timberwolves,Cleveland Cavaliers,
10,28/12/19 20:30,Fiserv Forum,Milwaukee Bucks,Orlando Magic,
10,28/12/19 20:30,AT&T Center,San Antonio Spurs,Detroit Pistons,
10,28/12/19 20:30,Chase Center,Golden State Warriors,Dallas Mavericks,
10,28/12/19 21:00,Golden 1 Center,Sacramento Kings,Phoenix Suns,
10,28/12/19 22:00,Moda Center,Portland Trail Blazers,Los Angeles Lakers,
10,28/12/19 22:30,Staples Center,LA Clippers,Utah Jazz,
10,29/12/19 18:00,Scotiabank Arena,Toronto Raptors,Oklahoma City Thunder,
10,29/12/19 20:00,FedExForum,Memphis Grizzlies,Charlotte Hornets,
10,29/12/19 20:00,Smoothie King Center,New Orleans Pelicans,Houston Rockets,
10,29/12/19 20:00,Pepsi Center,Denver Nuggets,Sacramento Kings,
10,29/12/19 21:30,Staples Center,Los Angeles Lakers,Dallas Mavericks,
10,30/12/19 19:00,Amway Center,Orlando Magic,Atlanta Hawks,
10,30/12/19 19:00,Capital One Arena,Washington Wizards,Miami Heat,
10,30/12/19 20:00,United Center,Chicago Bulls,Milwaukee Bucks,
10,30/12/19 20:00,Target Center,Minnesota Timberwolves,Brooklyn Nets,
10,30/12/19 21:00,Vivint Smart Home Arena,Utah Jazz,Detroit Pistons,
10,30/12/19 22:00,Moda Center,Portland Trail Blazers,Phoenix Suns,
10,31/12/19 15:00,Spectrum Center,Charlotte Hornets,Boston Celtics,
10,31/12/19 15:00,Bankers Life Fieldhouse,Indiana Pacers,Philadelphia 76ers,
10,31/12/19 17:00,Golden 1 Center,Sacramento Kings,LA Clippers,
10,31/12/19 19:00,Scotiabank Arena,Toronto Raptors,Cleveland Cavaliers,
10,31/12/19 19:00,Toyota Center,Houston Rockets,Denver Nuggets,
10,31/12/19 19:00,AT&T Center,San Antonio Spurs,Golden State Warriors,
10,31/12/19 20:00,Chesapeake Energy Arena,Oklahoma City Thunder,Dallas Mavericks,
10,1/1/20 18:00,Capital One Arena,Washington Wizards,Orlando Magic,
10,1/1/20 19:30,Madison Square Garden,New York Knicks,Portland Trail Blazers,
10,1/1/20 20:00,Fiserv Forum,Milwaukee Bucks,Minnesota Timberwolves,
10,1/1/20 22:30,Staples Center,Los Angeles Lakers,Phoenix Suns,
11,2/1/20 19:00,Rocket Mortgage FieldHouse,Cleveland Cavaliers,Charlotte Hornets,
11,2/1/20 19:00,Bankers Life Fieldhouse,Indiana Pacers,Denver Nuggets,
11,2/1/20 19:30,AmericanAirlines Arena,Miami Heat,Toronto Raptors,
11,2/1/20 20:00,United Center,Chicago Bulls,Utah Jazz,
11,2/1/20 20:00,Target Center,Minnesota Timberwolves,Golden State Warriors,
11,2/1/20 20:30,American Airlines Center,Dallas Mavericks,Brooklyn Nets,
11,2/1/20 20:30,AT&T Center,San Antonio Spurs,Oklahoma City Thunder,
11,2/1/20 22:00,Golden 1 Center,Sacramento Kings,Memphis Grizzlies,
11,2/1/20 22:30,Staples Center,LA Clippers,Detroit Pistons,
11,3/1/20 19:00,TD Garden,Boston Celtics,Atlanta Hawks,
11,3/1/20 19:00,Amway Center,Orlando Magic,Miami Heat,
11,3/1/20 19:00,Capital One Arena,Washington Wizards,Portland Trail Blazers,
11,3/1/20 20:00,Toyota Center,Houston Rockets,Philadelphia 76ers,
11,3/1/20 21:00,Talking Stick Resort Arena,Phoenix Suns,New York Knicks,
11,3/1/20 22:30,Staples Center,Los Angeles Lakers,New Orleans Pelicans,
11,4/1/20 15:30,Staples Center,LA Clippers,Memphis Grizzlies,
11,4/1/20 18:00,Barclays Center,Brooklyn Nets,Toronto Raptors,
11,4/1/20 19:00,Amway Center,Orlando Magic,Utah Jazz,
11,4/1/20 19:30,State Farm Arena,Atlanta Hawks,Indiana Pacers,
11,4/1/20 19:30,Rocket Mortgage FieldHouse,Cleveland Cavaliers,Oklahoma City Thunder,
11,4/1/20 20:00,Capital One Arena,Washington Wizards,Denver Nuggets,
11,4/1/20 20:00,United Center,Chicago Bulls,Boston Celtics,
11,4/1/20 20:30,American Airlines Center,Dallas Mavericks,Charlotte Hornets,
11,4/1/20 20:30,Fiserv Forum,Milwaukee Bucks,San Antonio Spurs,
11,4/1/20 20:30,Chase Center,Golden State Warriors,Detroit Pistons,
11,4/1/20 22:00,Golden 1 Center,Sacramento Kings,New Orleans Pelicans,
11,5/1/20 15:30,Staples Center,LA Clippers,New York Knicks,
11,5/1/20 18:00,AmericanAirlines Arena,Miami Heat,Portland Trail Blazers,
11,5/1/20 19:30,Rocket Mortgage FieldHouse,Cleveland Cavaliers,Minnesota Timberwolves,
11,5/1/20 20:00,Talking Stick Resort Arena,Phoenix Suns,Memphis Grizzlies,
11,5/1/20 22:00,Staples Center,Los Angeles Lakers,Detroit Pistons,
11,6/1/20 19:00,Spectrum Center,Charlotte Hornets,Indiana Pacers,
11,6/1/20 19:00,Amway Center,Orlando Magic,Brooklyn Nets,
11,6/1/20 19:00,Wells Fargo Center,Philadelphia 76ers,Oklahoma City Thunder,
11,6/1/20 19:00,Capital One Arena,Washington Wizards,Boston Celtics,
11,6/1/20 19:30,State Farm Arena,Atlanta Hawks,Denver Nuggets,
11,6/1/20 20:00,Smoothie King Center,New Orleans Pelicans,Utah Jazz,
11,6/1/20 20:30,American Airlines Center,Dallas Mavericks,Chicago Bulls,
11,6/1/20 20:30,AT&T Center,San Antonio Spurs,Milwaukee Bucks,
11,6/1/20 22:00,Golden 1 Center,Sacramento Kings,Golden State Warriors,
11,7/1/20 19:00,Rocket Mortgage FieldHouse,Cleveland Cavaliers,Detroit Pistons,
11,7/1/20 19:00,Scotiabank Arena,Toronto Raptors,Portland Trail Blazers,
11,7/1/20 19:30,Barclays Center,Brooklyn Nets,Oklahoma City Thunder,
11,7/1/20 20:00,FedExForum,Memphis Grizzlies,Minnesota Timberwolves,
11,7/1/20 21:00,Talking Stick Resort Arena,Phoenix Suns,Sacramento Kings,
11,7/1/20 22:30,Staples Center,Los Angeles Lakers,New York Knicks,
11,8/1/20 19:00,TD Garden,Boston Celtics,San Antonio Spurs,
11,8/1/20 19:00,Spectrum Center,Charlotte Hornets,Toronto Raptors,
11,8/1/20 19:00,Bankers Life Fieldhouse,Indiana Pacers,Miami Heat,
11,8/1/20 19:00,Amway Center,Orlando Magic,Washington Wizards,
11,8/1/20 19:30,State Farm Arena,Atlanta Hawks,Houston Rockets,
11,8/1/20 19:30,American Airlines Center,Dallas Mavericks,Denver Nuggets,
11,8/1/20 20:00,Smoothie King Center,New Orleans Pelicans,Chicago Bulls,
11,8/1/20 21:00,Vivint Smart Home Arena,Utah Jazz,New York Knicks,
11,8/1/20 22:00,Chase Center,Golden State Warriors,Milwaukee Bucks,
12,9/1/20 19:00,Little Caesars Arena,Detroit Pistons,Cleveland Cavaliers,
12,9/1/20 19:00,Wells Fargo Center,Philadelphia 76ers,Boston Celtics,
12,9/1/20 20:00,Target Center,Minnesota Timberwolves,Portland Trail Blazers,
12,9/1/20 21:30,Chesapeake Energy Arena,Oklahoma City Thunder,Houston Rockets,
12,10/1/20 19:00,Capital One Arena,Washington Wizards,Atlanta Hawks,
12,10/1/20 19:30,Barclays Center,Brooklyn Nets,Miami Heat,
12,10/1/20 20:00,Madison Square Garden,New York Knicks,New Orleans Pelicans,
12,10/1/20 20:00,United Center,Chicago Bulls,Indiana Pacers,
12,10/1/20 20:00,FedExForum,Memphis Grizzlies,San Antonio Spurs,
12,10/1/20 20:30,American Airlines Center,Dallas Mavericks,Los Angeles Lakers,
12,10/1/20 21:00,Talking Stick Resort Arena,Phoenix Suns,Orlando Magic,
12,10/1/20 21:00,Vivint Smart Home Arena,Utah Jazz,Charlotte Hornets,
12,10/1/20 22:00,Golden 1 Center,Sacramento Kings,Milwaukee Bucks,
12,10/1/20 22:30,Staples Center,LA Clippers,Golden State Warriors,
12,11/1/20 17:00,Toyota Center,Houston Rockets,Minnesota Timberwolves,
12,11/1/20 19:00,TD Garden,Boston Celtics,New Orleans Pelicans,
12,11/1/20 19:00,Little Caesars Arena,Detroit Pistons,Chicago Bulls,
12,11/1/20 20:00,Chesapeake Energy Arena,Oklahoma City Thunder,Los Angeles Lakers,
12,11/1/20 20:30,American Airlines Center,Dallas Mavericks,Philadelphia 76ers,
12,11/1/20 21:00,Pepsi Center,Denver Nuggets,Cleveland Cavaliers,
12,11/1/20 22:00,Moda Center,Portland Trail Blazers,Milwaukee Bucks,
12,12/1/20 15:30,Madison Square Garden,New York Knicks,Miami Heat,
12,12/1/20 15:30,Capital One Arena,Washington Wizards,Utah Jazz,
12,12/1/20 18:00,Barclays Center,Brooklyn Nets,Atlanta Hawks,
12,12/1/20 18:00,Scotiabank Arena,Toronto Raptors,San Antonio Spurs,
12,12/1/20 18:00,FedExForum,Memphis Grizzlies,Golden State Warriors,
12,12/1/20 20:00,Pepsi Center,Denver Nuggets,LA Clippers,
12,12/1/20 20:00,Talking Stick Resort Arena,Phoenix Suns,Charlotte Hornets,
12,13/1/20 19:00,Little Caesars Arena,Detroit Pistons,New Orleans Pelicans,
12,13/1/20 19:00,Bankers Life Fieldhouse,Indiana Pacers,Philadelphia 76ers,
12,13/1/20 19:30,TD Garden,Boston Celtics,Chicago Bulls,
12,13/1/20 20:00,Target Center,Minnesota Timberwolves,Oklahoma City Thunder,
12,13/1/20 22:00,Moda Center,Portland Trail Blazers,Charlotte Hornets,
12,13/1/20 22:00,Golden 1 Center,Sacramento Kings,Orlando Magic,
12,13/1/20 22:30,Staples Center,Los Angeles Lakers,Cleveland Cavaliers,
12,14/1/20 19:30,State Farm Arena,Atlanta Hawks,Phoenix Suns,
12,14/1/20 19:30,Barclays Center,Brooklyn Nets,Utah Jazz,
12,14/1/20 20:00,FedExForum,Memphis Grizzlies,Houston Rockets,
12,14/1/20 20:00,Fiserv Forum,Milwaukee Bucks,New York Knicks,
12,14/1/20 22:30,Chase Center,Golden State Warriors,Dallas Mavericks,
12,14/1/20 22:30,Staples Center,LA Clippers,Cleveland Cavaliers,
12,15/1/20 19:00,TD Garden,Boston Celtics,Detroit Pistons,
12,15/1/20 19:00,Wells Fargo Center,Philadelphia 76ers,Brooklyn Nets,
12,15/1/20 19:30,AmericanAirlines Arena,Miami Heat,San Antonio Spurs,
12,15/1/20 20:00,United Center,Chicago Bulls,Washington Wizards,
12,15/1/20 20:00,Target Center,Minnesota Timberwolves,Indiana Pacers,
12,15/1/20 20:00,Chesapeake Energy Arena,Oklahoma City Thunder,Toronto Raptors,
12,15/1/20 21:00,Pepsi Center,Denver Nuggets,Charlotte Hornets,
12,15/1/20 21:30,Toyota Center,Houston Rockets,Portland Trail Blazers,
12,15/1/20 22:00,Golden 1 Center,Sacramento Kings,Dallas Mavericks,
12,15/1/20 22:30,Staples Center,Los Angeles Lakers,Orlando Magic,
13,16/1/20 19:30,Madison Square Garden,New York Knicks,Phoenix Suns,
13,16/1/20 20:00,Fiserv Forum,Milwaukee Bucks,Boston Celtics,
13,16/1/20 20:00,Smoothie King Center,New Orleans Pelicans,Utah Jazz,
13,16/1/20 22:30,Chase Center,Golden State Warriors,Denver Nuggets,
13,16/1/20 22:30,Staples Center,LA Clippers,Orlando Magic,
13,17/1/20 19:00,Bankers Life Fieldhouse,Indiana Pacers,Minnesota Timberwolves,
13,17/1/20 19:00,Wells Fargo Center,Philadelphia 76ers,Chicago Bulls,
13,17/1/20 19:00,Scotiabank Arena,Toronto Raptors,Washington Wizards,
13,17/1/20 20:00,FedExForum,Memphis Grizzlies,Cleveland Cavaliers,
13,17/1/20 20:00,Chesapeake Energy Arena,Oklahoma City Thunder,Miami Heat,
13,17/1/20 20:30,AT&T Center,San Antonio Spurs,Atlanta Hawks,
13,17/1/20 21:30,American Airlines Center,Dallas Mavericks,Portland Trail Blazers,
13,18/1/20 15:30,Smoothie King Center,New Orleans Pelicans,LA Clippers,
13,18/1/20 18:00,Barclays Center,Brooklyn Nets,Milwaukee Bucks,
13,18/1/20 19:00,TD Garden,Boston Celtics,Phoenix Suns,
13,18/1/20 19:30,State Farm Arena,Atlanta Hawks,Detroit Pistons,
13,18/1/20 19:30,Madison Square Garden,New York Knicks,Philadelphia 76ers,
13,18/1/20 20:00,United Center,Chicago Bulls,Cleveland Cavaliers,
13,18/1/20 20:00,Target Center,Minnesota Timberwolves,Toronto Raptors,
13,18/1/20 20:30,Toyota Center,Houston Rockets,Los Angeles Lakers,
13,18/1/20 20:30,Chase Center,Golden State Warriors,Orlando Magic,
13,18/1/20 21:00,Chesapeake Energy Arena,Oklahoma City Thunder,Portland Trail Blazers,
13,18/1/20 21:00,Vivint Smart Home Arena,Utah Jazz,Sacramento Kings,
13,19/1/20 15:00,AT&T Center,San Antonio Spurs,Miami Heat,
13,19/1/20 20:00,Pepsi Center,Denver Nuggets,Indiana Pacers,
13,20/1/20 14:00,Capital One Arena,Washington Wizards,Detroit Pistons,
13,20/1/20 14:30,State Farm Arena,Atlanta Hawks,Toronto Raptors,
13,20/1/20 15:00,Barclays Center,Brooklyn Nets,Philadelphia 76ers,
13,20/1/20 17:00,Spectrum Center,Charlotte Hornets,Orlando Magic,
13,20/1/20 17:00,Rocket Mortgage FieldHouse,Cleveland Cavaliers,New York Knicks,
13,20/1/20 17:00,AmericanAirlines Arena,Miami Heat,Sacramento Kings,
13,20/1/20 17:00,Toyota Center,Houston Rockets,Oklahoma City Thunder,
13,20/1/20 17:00,FedExForum,Memphis Grizzlies,New Orleans Pelicans,
13,20/1/20 17:00,Fiserv Forum,Milwaukee Bucks,Chicago Bulls,
13,20/1/20 19:30,TD Garden,Boston Celtics,Los Angeles Lakers,
13,20/1/20 20:00,Target Center,Minnesota Timberwolves,Denver Nuggets,
13,20/1/20 21:00,Talking Stick Resort Arena,Phoenix Suns,San Antonio Spurs,
13,20/1/20 21:00,Vivint Smart Home Arena,Utah Jazz,Indiana Pacers,
13,20/1/20 22:00,Moda Center,Portland Trail Blazers,Golden State Warriors,
13,21/1/20 20:30,American Airlines Center,Dallas Mavericks,LA Clippers,
13,22/1/20 19:00,Little Caesars Arena,Detroit Pistons,Sacramento Kings,
13,22/1/20 19:00,Amway Center,Orlando Magic,Oklahoma City Thunder,
13,22/1/20 19:30,State Farm Arena,Atlanta Hawks,LA Clippers,
13,22/1/20 19:30,TD Garden,Boston Celtics,Memphis Grizzlies,
13,22/1/20 19:30,AmericanAirlines Arena,Miami Heat,Washington Wizards,
13,22/1/20 19:30,Madison Square Garden,New York Knicks,Los Angeles Lakers,
13,22/1/20 19:30,Scotiabank Arena,Toronto Raptors,Philadelphia 76ers,
13,22/1/20 20:00,United Center,Chicago Bulls,Minnesota Timberwolves,
13,22/1/20 20:00,Toyota Center,Houston Rockets,Denver Nuggets,
13,22/1/20 20:00,Smoothie King Center,New Orleans Pelicans,San Antonio Spurs,
13,22/1/20 21:00,Talking Stick Resort Arena,Phoenix Suns,Indiana Pacers,
13,22/1/20 22:00,Chase Center,Golden State Warriors,Utah Jazz,
14,23/1/20 19:00,Rocket Mortgage FieldHouse,Cleveland Cavaliers,Washington Wizards,
14,23/1/20 20:00,Barclays Center,Brooklyn Nets,Los Angeles Lakers,
14,23/1/20 22:30,Moda Center,Portland Trail Blazers,Dallas Mavericks,
14,24/1/20 15:00,AccorHotels Arena,Charlotte Hornets,Milwaukee Bucks,
14,24/1/20 19:00,Little Caesars Arena,Detroit Pistons,Memphis Grizzlies,
14,24/1/20 19:00,Amway Center,Orlando Magic,Boston Celtics,
14,24/1/20 19:30,Madison Square Garden,New York Knicks,Toronto Raptors,
14,24/1/20 20:00,AmericanAirlines Arena,Miami Heat,LA Clippers,
14,24/1/20 20:00,United Center,Chicago Bulls,Sacramento Kings,
14,24/1/20 20:00,Target Center,Minnesota Timberwolves,Houston Rockets,
14,24/1/20 20:00,Smoothie King Center,New Orleans Pelicans,Denver Nuggets,
14,24/1/20 20:00,Chesapeake Energy Arena,Oklahoma City Thunder,Atlanta Hawks,
14,24/1/20 20:30,AT&T Center,San Antonio Spurs,Phoenix Suns,
14,24/1/20 22:30,Chase Center,Golden State Warriors,Indiana Pacers,
14,25/1/20 17:00,Vivint Smart Home Arena,Utah Jazz,Dallas Mavericks,
14,25/1/20 19:00,Little Caesars Arena,Detroit Pistons,Brooklyn Nets,
14,25/1/20 20:00,Rocket Mortgage FieldHouse,Cleveland Cavaliers,Chicago Bulls,
14,25/1/20 20:00,Target Center,Minnesota Timberwolves,Oklahoma City Thunder,
14,25/1/20 20:30,Wells Fargo Center,Philadelphia 76ers,Los Angeles Lakers,
14,26/1/20 15:30,Pepsi Center,Denver Nuggets,Houston Rockets,
14,26/1/20 16:00,AT&T Center,San Antonio Spurs,Toronto Raptors,
14,26/1/20 18:00,State Farm Arena,Atlanta Hawks,Washington Wizards,
14,26/1/20 18:00,Madison Square Garden,New York Knicks,Brooklyn Nets,
14,26/1/20 18:00,Amway Center,Orlando Magic,LA Clippers,
14,26/1/20 18:00,FedExForum,Memphis Grizzlies,Phoenix Suns,
14,26/1/20 18:00,Smoothie King Center,New Orleans Pelicans,Boston Celtics,
14,26/1/20 21:00,Moda Center,Portland Trail Blazers,Indiana Pacers,
14,27/1/20 19:00,Little Caesars Arena,Detroit Pistons,Cleveland Cavaliers,
14,27/1/20 19:30,AmericanAirlines Arena,Miami Heat,Orlando Magic,
14,27/1/20 20:00,United Center,Chicago Bulls,San Antonio Spurs,
14,27/1/20 20:00,Target Center,Minnesota Timberwolves,Sacramento Kings,
14,27/1/20 20:00,Chesapeake Energy Arena,Oklahoma City Thunder,Dallas Mavericks,
14,27/1/20 21:00,Vivint Smart Home Arena,Utah Jazz,Houston Rockets,
14,28/1/20 19:00,Spectrum Center,Charlotte Hornets,New York Knicks,
14,28/1/20 19:30,Rocket Mortgage FieldHouse,Cleveland Cavaliers,New Orleans Pelicans,
14,28/1/20 19:30,AmericanAirlines Arena,Miami Heat,Boston Celtics,
14,28/1/20 19:30,Wells Fargo Center,Philadelphia 76ers,Golden State Warriors,
14,28/1/20 19:30,Scotiabank Arena,Toronto Raptors,Atlanta Hawks,
14,28/1/20 20:00,FedExForum,Memphis Grizzlies,Denver Nuggets,
14,28/1/20 20:00,Fiserv Forum,Milwaukee Bucks,Washington Wizards,
14,28/1/20 20:30,American Airlines Center,Dallas Mavericks,Phoenix Suns,
14,28/1/20 22:00,Staples Center,Los Angeles Lakers,LA Clippers,
14,29/1/20 19:00,Bankers Life Fieldhouse,Indiana Pacers,Chicago Bulls,
14,29/1/20 19:30,Barclays Center,Brooklyn Nets,Detroit Pistons,
14,29/1/20 19:30,Madison Square Garden,New York Knicks,Memphis Grizzlies,
14,29/1/20 20:30,AT&T Center,San Antonio Spurs,Utah Jazz,
14,29/1/20 22:00,Moda Center,Portland Trail Blazers,Houston Rockets,
14,29/1/20 22:00,Golden 1 Center,Sacramento Kings,Oklahoma City Thunder,
15,30/1/20 19:00,Rocket Mortgage FieldHouse,Cleveland Cavaliers,Toronto Raptors,
15,30/1/20 19:00,Capital One Arena,Washington Wizards,Charlotte Hornets,
15,30/1/20 19:30,State Farm Arena,Atlanta Hawks,Philadelphia 76ers,
15,30/1/20 20:00,TD Garden,Boston Celtics,Golden State Warriors,
15,30/1/20 22:30,Pepsi Center,Denver Nuggets,Utah Jazz,
15,30/1/20 22:30,Staples Center,LA Clippers,Sacramento Kings,
15,31/1/20 19:00,Little Caesars Arena,Detroit Pistons,Toronto Raptors,
15,31/1/20 19:30,Barclays Center,Brooklyn Nets,Chicago Bulls,
15,31/1/20 20:00,Toyota Center,Houston Rockets,Dallas Mavericks,
15,31/1/20 20:00,Smoothie King Center,New Orleans Pelicans,Memphis Grizzlies,
15,31/1/20 21:00,Fiserv Forum,Milwaukee Bucks,Denver Nuggets,
15,31/1/20 21:00,Talking Stick Resort Arena,Phoenix Suns,Oklahoma City Thunder,
15,31/1/20 22:30,Staples Center,Los Angeles Lakers,Portland Trail Blazers,
15,1/2/20 15:30,Staples Center,LA Clippers,Minnesota Timberwolves,
15,1/2/20 19:00,Bankers Life Fieldhouse,Indiana Pacers,New York Knicks,
15,1/2/20 19:00,Amway Center,Orlando Magic,Miami Heat,
15,1/2/20 20:00,Rocket Mortgage FieldHouse,Cleveland Cavaliers,Golden State Warriors,
15,1/2/20 20:00,Capital One Arena,Washington Wizards,Brooklyn Nets,
15,1/2/20 20:30,TD Garden,Boston Celtics,Philadelphia 76ers,
15,1/2/20 20:30,American Airlines Center,Dallas Mavericks,Atlanta Hawks,
15,1/2/20 21:00,AT&T Center,San Antonio Spurs,Charlotte Hornets,
15,1/2/20 22:00,Moda Center,Portland Trail Blazers,Utah Jazz,
15,1/2/20 22:00,Golden 1 Center,Sacramento Kings,Los Angeles Lakers,
15,2/2/20 12:30,Little Caesars Arena,Detroit Pistons,Denver Nuggets,
15,2/2/20 14:00,Toyota Center,Houston Rockets,New Orleans Pelicans,
15,2/2/20 14:00,Fiserv Forum,Milwaukee Bucks,Phoenix Suns,
15,2/2/20 15:00,Scotiabank Arena,Toronto Raptors,Chicago Bulls,
15,3/2/20 19:00,Spectrum Center,Charlotte Hornets,Orlando Magic,
15,3/2/20 19:00,Rocket Mortgage FieldHouse,Cleveland Cavaliers,New York Knicks,
15,3/2/20 19:00,Bankers Life Fieldhouse,Indiana Pacers,Dallas Mavericks,
15,3/2/20 19:00,Capital One Arena,Washington Wizards,Golden State Warriors,
15,3/2/20 19:30,State Farm Arena,Atlanta Hawks,Boston Celtics,
15,3/2/20 19:30,Barclays Center,Brooklyn Nets,Phoenix Suns,
15,3/2/20 19:30,AmericanAirlines Arena,Miami Heat,Philadelphia 76ers,
15,3/2/20 20:00,FedExForum,Memphis Grizzlies,Detroit Pistons,
15,3/2/20 22:00,Golden 1 Center,Sacramento Kings,Minnesota Timberwolves,
15,3/2/20 22:30,Staples Center,LA Clippers,San Antonio Spurs,
15,4/2/20 19:30,Smoothie King Center,New Orleans Pelicans,Milwaukee Bucks,
15,4/2/20 20:00,Toyota Center,Houston Rockets,Charlotte Hornets,
15,4/2/20 22:00,Pepsi Center,Denver Nuggets,Portland Trail Blazers,
15,4/2/20 22:30,Staples Center,Los Angeles Lakers,San Antonio Spurs,
15,5/2/20 19:00,Little Caesars Arena,Detroit Pistons,Phoenix Suns,
15,5/2/20 19:30,TD Garden,Boston Celtics,Orlando Magic,
15,5/2/20 19:30,Barclays Center,Brooklyn Nets,Golden State Warriors,
15,5/2/20 19:30,Scotiabank Arena,Toronto Raptors,Indiana Pacers,
15,5/2/20 20:00,Target Center,Minnesota Timberwolves,Atlanta Hawks,
15,5/2/20 20:00,Chesapeake Energy Arena,Oklahoma City Thunder,Cleveland Cavaliers,
15,5/2/20 20:30,American Airlines Center,Dallas Mavericks,Memphis Grizzlies,
15,5/2/20 22:00,Vivint Smart Home Arena,Utah Jazz,Denver Nuggets,
15,5/2/20 22:30,Staples Center,LA Clippers,Miami Heat,
16,6/2/20 19:30,Madison Square Garden,New York Knicks,Orlando Magic,
16,6/2/20 20:00,United Center,Chicago Bulls,New Orleans Pelicans,
16,6/2/20 20:00,Fiserv Forum,Milwaukee Bucks,Philadelphia 76ers,
16,6/2/20 22:00,Moda Center,Portland Trail Blazers,San Antonio Spurs,
16,6/2/20 22:30,Staples Center,Los Angeles Lakers,Houston Rockets,
16,7/2/20 19:00,Wells Fargo Center,Philadelphia 76ers,Memphis Grizzlies,
16,7/2/20 19:00,Capital One Arena,Washington Wizards,Dallas Mavericks,
16,7/2/20 19:30,TD Garden,Boston Celtics,Atlanta Hawks,
16,7/2/20 20:00,Bankers Life Fieldhouse,Indiana Pacers,Toronto Raptors,
16,7/2/20 20:00,Chesapeake Energy Arena,Oklahoma City Thunder,Detroit Pistons,
16,7/2/20 21:00,Talking Stick Resort Arena,Phoenix Suns,Houston Rockets,
16,7/2/20 22:00,Golden 1 Center,Sacramento Kings,Miami Heat,
16,7/2/20 22:30,Vivint Smart Home Arena,Utah Jazz,Portland Trail Blazers,
16,8/2/20 17:00,Amway Center,Orlando Magic,Milwaukee Bucks,
16,8/2/20 19:00,Spectrum Center,Charlotte Hornets,Dallas Mavericks,
16,8/2/20 19:00,Little Caesars Arena,Detroit Pistons,New York Knicks,
16,8/2/20 19:30,Bankers Life Fieldhouse,Indiana Pacers,New Orleans Pelicans,
16,8/2/20 19:30,Scotiabank Arena,Toronto Raptors,Brooklyn Nets,
16,8/2/20 20:00,Target Center,Minnesota Timberwolves,LA Clippers,
16,8/2/20 20:30,Chase Center,Golden State Warriors,Los Angeles Lakers,
16,8/2/20 21:00,Talking Stick Resort Arena,Phoenix Suns,Denver Nuggets,
16,8/2/20 22:00,Golden 1 Center,Sacramento Kings,San Antonio Spurs,
16,9/2/20 15:30,Chesapeake Energy Arena,Oklahoma City Thunder,Boston Celtics,
16,9/2/20 18:00,State Farm Arena,Atlanta Hawks,New York Knicks,
16,9/2/20 18:00,Wells Fargo Center,Philadelphia 76ers,Chicago Bulls,
16,9/2/20 18:00,Capital One Arena,Washington Wizards,Memphis Grizzlies,
16,9/2/20 19:00,Toyota Center,Houston Rockets,Utah Jazz,
16,9/2/20 19:30,Rocket Mortgage FieldHouse,Cleveland Cavaliers,LA Clippers,
16,9/2/20 21:00,Moda Center,Portland Trail Blazers,Miami Heat,
16,10/2/20 19:00,Little Caesars Arena,Detroit Pistons,Charlotte Hornets,
16,10/2/20 19:00,Bankers Life Fieldhouse,Indiana Pacers,Brooklyn Nets,
16,10/2/20 19:00,Amway Center,Orlando Magic,Atlanta Hawks,
16,10/2/20 19:30,Scotiabank Arena,Toronto Raptors,Minnesota Timberwolves,
16,10/2/20 20:00,Fiserv Forum,Milwaukee Bucks,Sacramento Kings,
16,10/2/20 20:30,American Airlines Center,Dallas Mavericks,Utah Jazz,
16,10/2/20 21:00,Pepsi Center,Denver Nuggets,San Antonio Spurs,
16,10/2/20 22:30,Chase Center,Golden State Warriors,Miami Heat,
16,10/2/20 22:30,Staples Center,Los Angeles Lakers,Phoenix Suns,
16,11/2/20 19:00,Wells Fargo Center,Philadelphia 76ers,LA Clippers,
16,11/2/20 19:00,Capital One Arena,Washington Wizards,Chicago Bulls,
16,11/2/20 20:00,Smoothie King Center,New Orleans Pelicans,Portland Trail Blazers,
16,11/2/20 20:00,Chesapeake Energy Arena,Oklahoma City Thunder,San Antonio Spurs,
16,11/2/20 21:30,Toyota Center,Houston Rockets,Boston Celtics,
16,12/2/20 19:00,Rocket Mortgage FieldHouse,Cleveland Cavaliers,Atlanta Hawks,
16,12/2/20 19:00,Amway Center,Orlando Magic,Detroit Pistons,
16,12/2/20 19:30,Barclays Center,Brooklyn Nets,Toronto Raptors,
16,12/2/20 19:30,Bankers Life Fieldhouse,Indiana Pacers,Milwaukee Bucks,
16,12/2/20 19:30,Madison Square Garden,New York Knicks,Washington Wizards,
16,12/2/20 20:00,FedExForum,Memphis Grizzlies,Portland Trail Blazers,
16,12/2/20 20:00,Target Center,Minnesota Timberwolves,Charlotte Hornets,
16,12/2/20 20:30,American Airlines Center,Dallas Mavericks,Sacramento Kings,
16,12/2/20 21:00,Talking Stick Resort Arena,Phoenix Suns,Golden State Warriors,
16,12/2/20 21:00,Vivint Smart Home Arena,Utah Jazz,Miami Heat,
16,12/2/20 22:00,Pepsi Center,Denver Nuggets,Los Angeles Lakers,
16,13/2/20 20:00,TD Garden,Boston Celtics,LA Clippers,
16,13/2/20 20:00,Smoothie King Center,New Orleans Pelicans,Oklahoma City Thunder,
17,20/2/20 19:00,Little Caesars Arena,Detroit Pistons,Milwaukee Bucks,
17,20/2/20 19:30,State Farm Arena,Atlanta Hawks,Miami Heat,
17,20/2/20 20:00,Wells Fargo Center,Philadelphia 76ers,Brooklyn Nets,
17,20/2/20 20:00,United Center,Chicago Bulls,Charlotte Hornets,
17,20/2/20 22:00,Golden 1 Center,Sacramento Kings,Memphis Grizzlies,
17,20/2/20 22:30,Chase Center,Golden State Warriors,Houston Rockets,
17,21/2/20 19:00,Amway Center,Orlando Magic,Dallas Mavericks,
17,21/2/20 19:00,Capital One Arena,Washington Wizards,Cleveland Cavaliers,
17,21/2/20 19:30,Madison Square Garden,New York Knicks,Indiana Pacers,
17,21/2/20 19:30,Scotiabank Arena,Toronto Raptors,Phoenix Suns,
17,21/2/20 20:00,Target Center,Minnesota Timberwolves,Boston Celtics,
17,21/2/20 20:00,Chesapeake Energy Arena,Oklahoma City Thunder,Denver Nuggets,
17,21/2/20 21:00,Vivint Smart Home Arena,Utah Jazz,San Antonio Spurs,
17,21/2/20 22:30,Staples Center,Los Angeles Lakers,Memphis Grizzlies,
17,21/2/20 22:30,Moda Center,Portland Trail Blazers,New Orleans Pelicans,
17,22/2/20 15:30,Staples Center,LA Clippers,Sacramento Kings,
17,22/2/20 19:00,Spectrum Center,Charlotte Hornets,Brooklyn Nets,
17,22/2/20 19:30,State Farm Arena,Atlanta Hawks,Dallas Mavericks,
17,22/2/20 20:00,AmericanAirlines Arena,Miami Heat,Cleveland Cavaliers,
17,22/2/20 20:00,United Center,Chicago Bulls,Phoenix Suns,
17,22/2/20 20:30,Fiserv Forum,Milwaukee Bucks,Philadelphia 76ers,
17,22/2/20 21:00,Vivint Smart Home Arena,Utah Jazz,Houston Rockets,
17,23/2/20 15:30,Staples Center,Los Angeles Lakers,Boston Celtics,
17,23/2/20 18:00,Scotiabank Arena,Toronto Raptors,Indiana Pacers,
17,23/2/20 18:00,Pepsi Center,Denver Nuggets,Minnesota Timberwolves,
17,23/2/20 19:00,United Center,Chicago Bulls,Washington Wizards,
17,23/2/20 19:00,Chesapeake Energy Arena,Oklahoma City Thunder,San Antonio Spurs,
17,23/2/20 20:30,Chase Center,Golden State Warriors,New Orleans Pelicans,
17,23/2/20 21:00,Moda Center,Portland Trail Blazers,Detroit Pistons,
17,24/2/20 19:00,Rocket Mortgage FieldHouse,Cleveland Cavaliers,Miami Heat,
17,24/2/20 19:00,Wells Fargo Center,Philadelphia 76ers,Atlanta Hawks,
17,24/2/20 19:00,Capital One Arena,Washington Wizards,Milwaukee Bucks,
17,24/2/20 19:30,Barclays Center,Brooklyn Nets,Orlando Magic,
17,24/2/20 20:00,Toyota Center,Houston Rockets,New York Knicks,
17,24/2/20 20:30,American Airlines Center,Dallas Mavericks,Minnesota Timberwolves,
17,24/2/20 21:00,Vivint Smart Home Arena,Utah Jazz,Phoenix Suns,
17,24/2/20 22:30,Staples Center,LA Clippers,Memphis Grizzlies,
17,25/2/20 19:00,Bankers Life Fieldhouse,Indiana Pacers,Charlotte Hornets,
17,25/2/20 19:30,Scotiabank Arena,Toronto Raptors,Milwaukee Bucks,
17,25/2/20 20:00,United Center,Chicago Bulls,Oklahoma City Thunder,
17,25/2/20 21:00,Pepsi Center,Denver Nuggets,Detroit Pistons,
17,25/2/20 22:00,Staples Center,Los Angeles Lakers,New Orleans Pelicans,
17,25/2/20 22:00,Moda Center,Portland Trail Blazers,Boston Celtics,
17,25/2/20 22:30,Chase Center,Golden State Warriors,Sacramento Kings,
17,26/2/20 19:00,Spectrum Center,Charlotte Hornets,New York Knicks,
17,26/2/20 19:00,Rocket Mortgage FieldHouse,Cleveland Cavaliers,Philadelphia 76ers,
17,26/2/20 19:00,Capital One Arena,Washington Wizards,Brooklyn Nets,
17,26/2/20 19:30,State Farm Arena,Atlanta Hawks,Orlando Magic,
17,26/2/20 19:30,AmericanAirlines Arena,Miami Heat,Minnesota Timberwolves,
17,26/2/20 19:30,AT&T Center,San Antonio Spurs,Dallas Mavericks,
17,26/2/20 20:00,Toyota Center,Houston Rockets,Memphis Grizzlies,
17,26/2/20 21:00,Talking Stick Resort Arena,Phoenix Suns,LA Clippers,
17,26/2/20 22:00,Vivint Smart Home Arena,Utah Jazz,Boston Celtics,
18,27/2/20 19:00,Wells Fargo Center,Philadelphia 76ers,New York Knicks,
18,27/2/20 20:00,Bankers Life Fieldhouse,Indiana Pacers,Portland Trail Blazers,
18,27/2/20 20:00,Chesapeake Energy Arena,Oklahoma City Thunder,Sacramento Kings,
18,27/2/20 22:30,Chase Center,Golden State Warriors,Los Angeles Lakers,
18,28/2/20 19:00,Amway Center,Orlando Magic,Minnesota Timberwolves,
18,28/2/20 19:30,State Farm Arena,Atlanta Hawks,Brooklyn Nets,
18,28/2/20 19:30,Scotiabank Arena,Toronto Raptors,Charlotte Hornets,
18,28/2/20 20:00,AmericanAirlines Arena,Miami Heat,Dallas Mavericks,
18,28/2/20 20:00,FedExForum,Memphis Grizzlies,Sacramento Kings,
18,28/2/20 20:00,Fiserv Forum,Milwaukee Bucks,Oklahoma City Thunder,
18,28/2/20 20:00,Smoothie King Center,New Orleans Pelicans,Cleveland Cavaliers,
18,28/2/20 21:00,Talking Stick Resort Arena,Phoenix Suns,Detroit Pistons,
18,28/2/20 21:00,Vivint Smart Home Arena,Utah Jazz,Washington Wizards,
18,28/2/20 22:30,Staples Center,LA Clippers,Denver Nuggets,
18,29/2/20 17:00,Madison Square Garden,New York Knicks,Chicago Bulls,
18,29/2/20 19:30,State Farm Arena,Atlanta Hawks,Portland Trail Blazers,
18,29/2/20 19:30,AmericanAirlines Arena,Miami Heat,Brooklyn Nets,
18,29/2/20 20:00,Rocket Mortgage FieldHouse,Cleveland Cavaliers,Indiana Pacers,
18,29/2/20 20:00,FedExForum,Memphis Grizzlies,Los Angeles Lakers,
18,29/2/20 20:30,TD Garden,Boston Celtics,Houston Rockets,
18,29/2/20 20:30,AT&T Center,San Antonio Spurs,Orlando Magic,
18,29/2/20 21:00,Talking Stick Resort Arena,Phoenix Suns,Golden State Warriors,
18,1/3/20 13:00,Spectrum Center,Charlotte Hornets,Milwaukee Bucks,
18,1/3/20 15:30,Target Center,Minnesota Timberwolves,Dallas Mavericks,
18,1/3/20 15:30,Staples Center,LA Clippers,Philadelphia 76ers,
18,1/3/20 18:00,Pepsi Center,Denver Nuggets,Toronto Raptors,
18,1/3/20 18:00,Golden 1 Center,Sacramento Kings,Detroit Pistons,
18,1/3/20 20:00,Smoothie King Center,New Orleans Pelicans,Los Angeles Lakers,
18,1/3/20 20:30,Chase Center,Golden State Warriors,Washington Wizards,
18,2/3/20 19:00,Rocket Mortgage FieldHouse,Cleveland Cavaliers,Utah Jazz,
18,2/3/20 19:00,Madison Square Garden,New York Knicks,Houston Rockets,
18,2/3/20 19:00,Amway Center,Orlando Magic,Portland Trail Blazers,
18,2/3/20 19:30,State Farm Arena,Atlanta Hawks,Memphis Grizzlies,
18,2/3/20 19:30,AmericanAirlines Arena,Miami Heat,Milwaukee Bucks,
18,2/3/20 20:00,United Center,Chicago Bulls,Dallas Mavericks,
18,2/3/20 20:30,AT&T Center,San Antonio Spurs,Indiana Pacers,
18,3/3/20 19:00,Spectrum Center,Charlotte Hornets,San Antonio Spurs,
18,3/3/20 19:30,TD Garden,Boston Celtics,Brooklyn Nets,
18,3/3/20 20:00,Smoothie King Center,New Orleans Pelicans,Minnesota Timberwolves,
18,3/3/20 20:00,Chesapeake Energy Arena,Oklahoma City Thunder,LA Clippers,
18,3/3/20 21:00,Pepsi Center,Denver Nuggets,Golden State Warriors,
18,3/3/20 21:00,Talking Stick Resort Arena,Phoenix Suns,Toronto Raptors,
18,3/3/20 22:00,Staples Center,Los Angeles Lakers,Philadelphia 76ers,
18,3/3/20 22:00,Golden 1 Center,Sacramento Kings,Washington Wizards,
18,4/3/20 19:00,Rocket Mortgage FieldHouse,Cleveland Cavaliers,Boston Celtics,
18,4/3/20 19:00,Little Caesars Arena,Detroit Pistons,Oklahoma City Thunder,
18,4/3/20 19:00,AmericanAirlines Arena,Miami Heat,Orlando Magic,
18,4/3/20 19:30,Barclays Center,Brooklyn Nets,Memphis Grizzlies,
18,4/3/20 19:30,Madison Square Garden,New York Knicks,Utah Jazz,
18,4/3/20 20:00,Target Center,Minnesota Timberwolves,Chicago Bulls,
18,4/3/20 20:30,American Airlines Center,Dallas Mavericks,New Orleans Pelicans,
18,4/3/20 21:30,Fiserv Forum,Milwaukee Bucks,Indiana Pacers,
18,4/3/20 22:00,Moda Center,Portland Trail Blazers,Washington Wizards,
19,5/3/20 19:00,Spectrum Center,Charlotte Hornets,Denver Nuggets,
19,5/3/20 20:00,Toyota Center,Houston Rockets,LA Clippers,
19,5/3/20 22:00,Golden 1 Center,Sacramento Kings,Philadelphia 76ers,
19,5/3/20 22:30,Chase Center,Golden State Warriors,Toronto Raptors,
19,6/3/20 19:00,Capital One Arena,Washington Wizards,Atlanta Hawks,
19,6/3/20 19:30,Barclays Center,Brooklyn Nets,San Antonio Spurs,
19,6/3/20 19:30,Madison Square Garden,New York Knicks,Oklahoma City Thunder,
19,6/3/20 20:00,TD Garden,Boston Celtics,Utah Jazz,
19,6/3/20 20:00,United Center,Chicago Bulls,Indiana Pacers,
19,6/3/20 20:00,Target Center,Minnesota Timberwolves,Orlando Magic,
19,6/3/20 20:00,Smoothie King Center,New Orleans Pelicans,Miami Heat,
19,6/3/20 20:30,American Airlines Center,Dallas Mavericks,Memphis Grizzlies,
19,6/3/20 21:00,Talking Stick Resort Arena,Phoenix Suns,Portland Trail Blazers,
19,6/3/20 22:30,Staples Center,Los Angeles Lakers,Milwaukee Bucks,
19,7/3/20 17:00,Spectrum Center,Charlotte Hornets,Houston Rockets,
19,7/3/20 19:00,Little Caesars Arena,Detroit Pistons,Utah Jazz,
19,7/3/20 19:30,Rocket Mortgage FieldHouse,Cleveland Cavaliers,Denver Nuggets,
19,7/3/20 20:00,FedExForum,Memphis Grizzlies,Atlanta Hawks,
19,7/3/20 20:30,Chase Center,Golden State Warriors,Philadelphia 76ers,
19,7/3/20 22:00,Moda Center,Portland Trail Blazers,Sacramento Kings,
19,8/3/20 15:00,Barclays Center,Brooklyn Nets,Chicago Bulls,
19,8/3/20 15:30,Target Center,Minnesota Timberwolves,New Orleans Pelicans,
19,8/3/20 15:30,Staples Center,LA Clippers,Los Angeles Lakers,
19,8/3/20 18:00,TD Garden,Boston Celtics,Oklahoma City Thunder,
19,8/3/20 18:00,Talking Stick Resort Arena,Phoenix Suns,Milwaukee Bucks,
19,8/3/20 19:00,Capital One Arena,Washington Wizards,Miami Heat,
19,8/3/20 19:00,American Airlines Center,Dallas Mavericks,Indiana Pacers,
19,8/3/20 19:00,Toyota Center,Houston Rockets,Orlando Magic,
19,8/3/20 19:30,Rocket Mortgage FieldHouse,Cleveland Cavaliers,San Antonio Spurs,
19,8/3/20 19:30,Madison Square Garden,New York Knicks,Detroit Pistons,
19,8/3/20 21:00,Golden 1 Center,Sacramento Kings,Toronto Raptors,
19,9/3/20 19:30,State Farm Arena,Atlanta Hawks,Charlotte Hornets,
19,9/3/20 21:00,Pepsi Center,Denver Nuggets,Milwaukee Bucks,
19,9/3/20 21:00,Vivint Smart Home Arena,Utah Jazz,Toronto Raptors,
19,10/3/20 19:00,Bankers Life Fieldhouse,Indiana Pacers,Boston Celtics,
19,10/3/20 19:00,Capital One Arena,Washington Wizards,New York Knicks,
19,10/3/20 20:00,United Center,Chicago Bulls,Cleveland Cavaliers,
19,10/3/20 20:00,Toyota Center,Houston Rockets,Minnesota Timberwolves,
19,10/3/20 20:00,FedExForum,Memphis Grizzlies,Orlando Magic,
19,10/3/20 20:00,AT&T Center,San Antonio Spurs,Dallas Mavericks,
19,10/3/20 22:00,Moda Center,Portland Trail Blazers,Phoenix Suns,
19,10/3/20 22:30,Chase Center,Golden State Warriors,LA Clippers,
19,10/3/20 22:30,Staples Center,Los Angeles Lakers,Brooklyn Nets,
19,11/3/20 19:30,State Farm Arena,Atlanta Hawks,New York Knicks,
19,11/3/20 19:30,AmericanAirlines Arena,Miami Heat,Charlotte Hornets,
19,11/3/20 19:30,Wells Fargo Center,Philadelphia 76ers,Detroit Pistons,
19,11/3/20 20:00,Chesapeake Energy Arena,Oklahoma City Thunder,Utah Jazz,
19,11/3/20 20:30,American Airlines Center,Dallas Mavericks,Denver Nuggets,
19,11/3/20 22:00,Golden 1 Center,Sacramento Kings,New Orleans Pelicans,
19,12/3/20 19:00,Amway Center,Orlando Magic,Chicago Bulls,
20,12/3/20 20:00,Fiserv Forum,Milwaukee Bucks,Boston Celtics,
20,12/3/20 22:00,Moda Center,Portland Trail Blazers,Memphis Grizzlies,
20,12/3/20 22:30,Chase Center,Golden State Warriors,Brooklyn Nets,
20,12/3/20 22:30,Staples Center,Los Angeles Lakers,Houston Rockets,
20,13/3/20 19:00,Spectrum Center,Charlotte Hornets,Cleveland Cavaliers,
20,13/3/20 19:30,TD Garden,Boston Celtics,Washington Wizards,
20,13/3/20 20:00,AmericanAirlines Arena,Miami Heat,New York Knicks,
20,13/3/20 20:00,Chesapeake Energy Arena,Oklahoma City Thunder,Minnesota Timberwolves,
20,13/3/20 20:30,AT&T Center,San Antonio Spurs,Denver Nuggets,
20,13/3/20 21:00,Vivint Smart Home Arena,Utah Jazz,New Orleans Pelicans,
20,13/3/20 22:30,Staples Center,LA Clippers,Brooklyn Nets,
20,14/3/20 14:00,American Airlines Center,Dallas Mavericks,Phoenix Suns,
20,14/3/20 19:30,State Farm Arena,Atlanta Hawks,Cleveland Cavaliers,
20,14/3/20 19:30,Wells Fargo Center,Philadelphia 76ers,Indiana Pacers,
20,14/3/20 19:30,Scotiabank Arena,Toronto Raptors,Detroit Pistons,
20,14/3/20 20:00,AmericanAirlines Arena,Miami Heat,Chicago Bulls,
20,14/3/20 20:30,Fiserv Forum,Milwaukee Bucks,Golden State Warriors,
20,14/3/20 20:30,AT&T Center,San Antonio Spurs,Minnesota Timberwolves,
20,14/3/20 21:00,Vivint Smart Home Arena,Utah Jazz,Memphis Grizzlies,
20,14/3/20 22:30,Staples Center,LA Clippers,New Orleans Pelicans,
20,15/3/20 15:30,Moda Center,Portland Trail Blazers,Houston Rockets,
20,15/3/20 18:00,Amway Center,Orlando Magic,Charlotte Hornets,
20,15/3/20 18:00,Capital One Arena,Washington Wizards,Oklahoma City Thunder,
20,15/3/20 20:00,United Center,Chicago Bulls,Boston Celtics,
20,15/3/20 21:00,Staples Center,Los Angeles Lakers,Denver Nuggets,
20,15/3/20 21:00,Golden 1 Center,Sacramento Kings,Brooklyn Nets,
20,16/3/20 19:00,Wells Fargo Center,Philadelphia 76ers,Washington Wizards,
20,16/3/20 20:00,Scotiabank Arena,Toronto Raptors,Golden State Warriors,
20,16/3/20 20:00,Fiserv Forum,Milwaukee Bucks,Miami Heat,
20,16/3/20 20:00,Smoothie King Center,New Orleans Pelicans,Atlanta Hawks,
20,16/3/20 20:30,AT&T Center,San Antonio Spurs,Memphis Grizzlies,
20,16/3/20 21:00,Vivint Smart Home Arena,Utah Jazz,Los Angeles Lakers,
20,16/3/20 22:30,Staples Center,LA Clippers,Dallas Mavericks,
20,17/3/20 19:00,Little Caesars Arena,Detroit Pistons,Orlando Magic,
20,17/3/20 19:30,Madison Square Garden,New York Knicks,Charlotte Hornets,
20,17/3/20 20:00,Toyota Center,Houston Rockets,Cleveland Cavaliers,
20,17/3/20 20:00,FedExForum,Memphis Grizzlies,Oklahoma City Thunder,
20,17/3/20 22:00,Moda Center,Portland Trail Blazers,Minnesota Timberwolves,
20,17/3/20 22:00,Golden 1 Center,Sacramento Kings,Dallas Mavericks,
20,18/3/20 19:00,Wells Fargo Center,Philadelphia 76ers,Toronto Raptors,
20,18/3/20 19:30,State Farm Arena,Atlanta Hawks,Oklahoma City Thunder,
20,18/3/20 19:30,TD Garden,Boston Celtics,New York Knicks,
20,18/3/20 19:30,Barclays Center,Brooklyn Nets,Washington Wizards,
20,18/3/20 19:30,Bankers Life Fieldhouse,Indiana Pacers,Golden State Warriors,
20,18/3/20 20:00,United Center,Chicago Bulls,Miami Heat,
20,18/3/20 20:00,Smoothie King Center,New Orleans Pelicans,San Antonio Spurs,
20,18/3/20 21:00,Pepsi Center,Denver Nuggets,LA Clippers,
20,18/3/20 22:00,Staples Center,Los Angeles Lakers,Utah Jazz,
20,18/3/20 22:00,Talking Stick Resort Arena,Phoenix Suns,Minnesota Timberwolves,
20,19/3/20 19:00,Spectrum Center,Charlotte Hornets,Philadelphia 76ers,
20,19/3/20 19:00,Amway Center,Orlando Magic,Cleveland Cavaliers,
21,19/3/20 20:00,Toyota Center,Houston Rockets,Sacramento Kings,
21,19/3/20 20:00,Fiserv Forum,Milwaukee Bucks,Memphis Grizzlies,
21,19/3/20 22:00,Moda Center,Portland Trail Blazers,Dallas Mavericks,
21,20/3/20 19:00,Little Caesars Arena,Detroit Pistons,Golden State Warriors,
21,20/3/20 19:00,Bankers Life Fieldhouse,Indiana Pacers,Miami Heat,
21,20/3/20 19:30,State Farm Arena,Atlanta Hawks,Washington Wizards,
21,20/3/20 19:30,Scotiabank Arena,Toronto Raptors,Boston Celtics,
21,20/3/20 20:00,Chesapeake Energy Arena,Oklahoma City Thunder,Denver Nuggets,
21,20/3/20 20:30,AT&T Center,San Antonio Spurs,Chicago Bulls,
21,20/3/20 21:00,Vivint Smart Home Arena,Utah Jazz,Minnesota Timberwolves,
21,20/3/20 22:30,Staples Center,LA Clippers,Phoenix Suns,
21,21/3/20 18:00,Barclays Center,Brooklyn Nets,Boston Celtics,
21,21/3/20 19:00,Spectrum Center,Charlotte Hornets,Los Angeles Lakers,
21,21/3/20 19:00,Bankers Life Fieldhouse,Indiana Pacers,Cleveland Cavaliers,
21,21/3/20 19:00,Amway Center,Orlando Magic,Sacramento Kings,
21,21/3/20 19:00,Wells Fargo Center,Philadelphia 76ers,Atlanta Hawks,
21,21/3/20 19:30,Madison Square Garden,New York Knicks,Golden State Warriors,
21,21/3/20 20:00,Capital One Arena,Washington Wizards,Milwaukee Bucks,
21,21/3/20 20:00,Toyota Center,Houston Rockets,Chicago Bulls,
21,21/3/20 20:00,FedExForum,Memphis Grizzlies,New Orleans Pelicans,
21,21/3/20 22:00,Talking Stick Resort Arena,Phoenix Suns,Dallas Mavericks,
21,22/3/20 18:00,Little Caesars Arena,Detroit Pistons,Los Angeles Lakers,
21,22/3/20 18:00,Scotiabank Arena,Toronto Raptors,Denver Nuggets,
21,22/3/20 19:00,Target Center,Minnesota Timberwolves,Portland Trail Blazers,
21,22/3/20 19:00,Smoothie King Center,New Orleans Pelicans,Sacramento Kings,
21,22/3/20 19:00,AT&T Center,San Antonio Spurs,Utah Jazz,
21,23/3/20 19:00,Bankers Life Fieldhouse,Indiana Pacers,Phoenix Suns,
21,23/3/20 19:00,Madison Square Garden,New York Knicks,LA Clippers,
21,23/3/20 19:00,Capital One Arena,Washington Wizards,Boston Celtics,
21,23/3/20 19:30,Barclays Center,Brooklyn Nets,Orlando Magic,
21,23/3/20 19:30,AmericanAirlines Arena,Miami Heat,Oklahoma City Thunder,
21,23/3/20 20:00,United Center,Chicago Bulls,Denver Nuggets,
21,23/3/20 20:00,Fiserv Forum,Milwaukee Bucks,Detroit Pistons,
21,23/3/20 20:30,American Airlines Center,Dallas Mavericks,Houston Rockets,
21,24/3/20 19:00,Spectrum Center,Charlotte Hornets,Portland Trail Blazers,
21,24/3/20 19:00,Rocket Mortgage FieldHouse,Cleveland Cavaliers,Sacramento Kings,
21,24/3/20 19:30,Scotiabank Arena,Toronto Raptors,Los Angeles Lakers,
21,24/3/20 20:00,Target Center,Minnesota Timberwolves,Philadelphia 76ers,
21,24/3/20 20:00,Smoothie King Center,New Orleans Pelicans,Memphis Grizzlies,
21,24/3/20 22:00,Vivint Smart Home Arena,Utah Jazz,San Antonio Spurs,
21,25/3/20 19:00,Barclays Center,Brooklyn Nets,LA Clippers,
21,25/3/20 19:00,Little Caesars Arena,Detroit Pistons,Portland Trail Blazers,
21,25/3/20 19:00,Amway Center,Orlando Magic,Indiana Pacers,
21,25/3/20 19:00,Capital One Arena,Washington Wizards,Phoenix Suns,
21,25/3/20 19:30,AmericanAirlines Arena,Miami Heat,Denver Nuggets,
21,25/3/20 19:30,Madison Square Garden,New York Knicks,Toronto Raptors,
21,25/3/20 20:00,FedExForum,Memphis Grizzlies,Boston Celtics,
21,25/3/20 21:30,Fiserv Forum,Milwaukee Bucks,Houston Rockets,
21,25/3/20 22:30,Chase Center,Golden State Warriors,Atlanta Hawks,
21,26/3/20 19:00,Rocket Mortgage FieldHouse,Cleveland Cavaliers,Los Angeles Lakers,
22,26/3/20 20:00,United Center,Chicago Bulls,Philadelphia 76ers,
22,26/3/20 20:00,Target Center,Minnesota Timberwolves,San Antonio Spurs,
22,26/3/20 20:00,Chesapeake Energy Arena,Oklahoma City Thunder,Charlotte Hornets,
22,26/3/20 20:30,American Airlines Center,Dallas Mavericks,Utah Jazz,
22,26/3/20 22:00,Golden 1 Center,Sacramento Kings,Atlanta Hawks,
22,27/3/20 19:00,Little Caesars Arena,Detroit Pistons,LA Clippers,
22,27/3/20 19:00,Bankers Life Fieldhouse,Indiana Pacers,Houston Rockets,
22,27/3/20 19:00,Amway Center,Orlando Magic,Brooklyn Nets,
22,27/3/20 19:00,Wells Fargo Center,Philadelphia 76ers,Phoenix Suns,
22,27/3/20 19:30,TD Garden,Boston Celtics,Portland Trail Blazers,
22,27/3/20 20:00,Smoothie King Center,New Orleans Pelicans,New York Knicks,
22,27/3/20 20:30,Fiserv Forum,Milwaukee Bucks,Washington Wizards,
22,27/3/20 21:00,Pepsi Center,Denver Nuggets,San Antonio Spurs,
22,28/3/20 18:00,Barclays Center,Brooklyn Nets,Cleveland Cavaliers,
22,28/3/20 19:00,Spectrum Center,Charlotte Hornets,LA Clippers,
22,28/3/20 20:00,AmericanAirlines Arena,Miami Heat,Phoenix Suns,
22,28/3/20 20:00,Capital One Arena,Washington Wizards,Los Angeles Lakers,
22,28/3/20 20:00,United Center,Chicago Bulls,New York Knicks,
22,28/3/20 20:00,FedExForum,Memphis Grizzlies,Toronto Raptors,
22,28/3/20 20:30,Chase Center,Golden State Warriors,Oklahoma City Thunder,
22,28/3/20 21:00,Vivint Smart Home Arena,Utah Jazz,Atlanta Hawks,
22,29/3/20 15:00,American Airlines Center,Dallas Mavericks,Milwaukee Bucks,
22,29/3/20 17:00,Little Caesars Arena,Detroit Pistons,Houston Rockets,
22,29/3/20 18:00,TD Garden,Boston Celtics,Minnesota Timberwolves,
22,29/3/20 18:00,Amway Center,Orlando Magic,New Orleans Pelicans,
22,29/3/20 19:30,Wells Fargo Center,Philadelphia 76ers,Portland Trail Blazers,
22,29/3/20 20:30,Chase Center,Golden State Warriors,San Antonio Spurs,
22,29/3/20 21:00,Golden 1 Center,Sacramento Kings,Indiana Pacers,
22,30/3/20 19:00,Spectrum Center,Charlotte Hornets,Miami Heat,
22,30/3/20 19:00,Rocket Mortgage FieldHouse,Cleveland Cavaliers,Phoenix Suns,
22,30/3/20 19:30,Barclays Center,Brooklyn Nets,Portland Trail Blazers,
22,30/3/20 19:30,Scotiabank Arena,Toronto Raptors,Memphis Grizzlies,
22,30/3/20 20:00,Target Center,Minnesota Timberwolves,Los Angeles Lakers,
22,30/3/20 21:00,Pepsi Center,Denver Nuggets,Oklahoma City Thunder,
22,30/3/20 21:00,Vivint Smart Home Arena,Utah Jazz,Chicago Bulls,
22,30/3/20 22:30,Staples Center,LA Clippers,Indiana Pacers,
22,31/3/20 19:30,State Farm Arena,Atlanta Hawks,New Orleans Pelicans,
22,31/3/20 19:30,Wells Fargo Center,Philadelphia 76ers,Houston Rockets,
22,31/3/20 22:00,Chase Center,Golden State Warriors,Denver Nuggets,
22,31/3/20 22:00,Golden 1 Center,Sacramento Kings,San Antonio Spurs,
22,1/4/20 19:00,Amway Center,Orlando Magic,Charlotte Hornets,
22,1/4/20 19:00,Capital One Arena,Washington Wizards,New Orleans Pelicans,
22,1/4/20 19:30,TD Garden,Boston Celtics,Miami Heat,
22,1/4/20 19:30,Barclays Center,Brooklyn Nets,Detroit Pistons,
22,1/4/20 20:00,FedExForum,Memphis Grizzlies,New York Knicks,
22,1/4/20 20:00,Target Center,Minnesota Timberwolves,Dallas Mavericks,
22,1/4/20 20:00,Chesapeake Energy Arena,Oklahoma City Thunder,Phoenix Suns,
22,1/4/20 21:00,Fiserv Forum,Milwaukee Bucks,Toronto Raptors,
22,1/4/20 21:00,Vivint Smart Home Arena,Utah Jazz,Cleveland Cavaliers,
22,1/4/20 22:30,Staples Center,Los Angeles Lakers,Indiana Pacers,
23,2/4/20 20:00,Toyota Center,Houston Rockets,Golden State Warriors,
23,2/4/20 22:00,Golden 1 Center,Sacramento Kings,LA Clippers,
23,2/4/20 22:30,Moda Center,Portland Trail Blazers,Utah Jazz,
23,3/4/20 19:00,Little Caesars Arena,Detroit Pistons,Miami Heat,
23,3/4/20 19:00,Bankers Life Fieldhouse,Indiana Pacers,Brooklyn Nets,
23,3/4/20 19:00,Capital One Arena,Washington Wizards,Philadelphia 76ers,
23,3/4/20 19:30,State Farm Arena,Atlanta Hawks,Charlotte Hornets,
23,3/4/20 19:30,TD Garden,Boston Celtics,Orlando Magic,
23,3/4/20 19:30,Madison Square Garden,New York Knicks,Minnesota Timberwolves,
23,3/4/20 19:30,Scotiabank Arena,Toronto Raptors,Milwaukee Bucks,
23,3/4/20 20:00,FedExForum,Memphis Grizzlies,Dallas Mavericks,
23,3/4/20 20:30,AT&T Center,San Antonio Spurs,Golden State Warriors,
23,3/4/20 21:00,Pepsi Center,Denver Nuggets,Chicago Bulls,
23,3/4/20 22:00,Talking Stick Resort Arena,Phoenix Suns,Cleveland Cavaliers,
23,4/4/20 15:30,Staples Center,LA Clippers,Oklahoma City Thunder,
23,4/4/20 22:00,Golden 1 Center,Sacramento Kings,Los Angeles Lakers,
23,5/4/20 13:00,Spectrum Center,Charlotte Hornets,Atlanta Hawks,
23,5/4/20 13:00,Wells Fargo Center,Philadelphia 76ers,Orlando Magic,
23,5/4/20 15:30,TD Garden,Boston Celtics,Milwaukee Bucks,
23,5/4/20 17:00,Bankers Life Fieldhouse,Indiana Pacers,Washington Wizards,
23,5/4/20 17:00,Madison Square Garden,New York Knicks,Miami Heat,
23,5/4/20 18:00,Barclays Center,Brooklyn Nets,Dallas Mavericks,
23,5/4/20 18:00,Pepsi Center,Denver Nuggets,Utah Jazz,
23,5/4/20 18:00,Talking Stick Resort Arena,Phoenix Suns,Chicago Bulls,
23,5/4/20 19:00,Toyota Center,Houston Rockets,Toronto Raptors,
23,5/4/20 19:00,Target Center,Minnesota Timberwolves,Detroit Pistons,
23,5/4/20 19:00,AT&T Center,San Antonio Spurs,New Orleans Pelicans,
23,5/4/20 21:00,Moda Center,Portland Trail Blazers,Memphis Grizzlies,
23,5/4/20 21:00,Golden 1 Center,Sacramento Kings,Cleveland Cavaliers,
23,5/4/20 21:30,Staples Center,Los Angeles Lakers,Oklahoma City Thunder,
23,7/4/20 19:00,Capital One Arena,Washington Wizards,Toronto Raptors,
23,7/4/20 19:30,State Farm Arena,Atlanta Hawks,Detroit Pistons,
23,7/4/20 19:30,AmericanAirlines Arena,Miami Heat,Indiana Pacers,
23,7/4/20 19:30,Wells Fargo Center,Philadelphia 76ers,Milwaukee Bucks,
23,7/4/20 20:00,Target Center,Minnesota Timberwolves,Phoenix Suns,
23,7/4/20 20:00,Smoothie King Center,New Orleans Pelicans,Charlotte Hornets,
23,7/4/20 20:00,Chesapeake Energy Arena,Oklahoma City Thunder,Brooklyn Nets,
23,7/4/20 20:30,American Airlines Center,Dallas Mavericks,Houston Rockets,
23,7/4/20 20:30,AT&T Center,San Antonio Spurs,Sacramento Kings,
23,7/4/20 21:00,Pepsi Center,Denver Nuggets,Memphis Grizzlies,
23,7/4/20 22:00,Vivint Smart Home Arena,Utah Jazz,LA Clippers,
23,7/4/20 22:00,Moda Center,Portland Trail Blazers,Cleveland Cavaliers,
23,7/4/20 22:30,Staples Center,Los Angeles Lakers,Chicago Bulls,
23,8/4/20 19:00,TD Garden,Boston Celtics,Indiana Pacers,
23,8/4/20 19:00,Spectrum Center,Charlotte Hornets,Toronto Raptors,
23,8/4/20 19:30,Madison Square Garden,New York Knicks,Orlando Magic,
23,8/4/20 21:30,Toyota Center,Houston Rockets,San Antonio Spurs,
23,8/4/20 22:30,Chase Center,Golden State Warriors,Cleveland Cavaliers,
23,8/4/20 22:30,Staples Center,LA Clippers,Chicago Bulls,
23,9/4/20 19:30,AmericanAirlines Arena,Miami Heat,Detroit Pistons,
24,9/4/20 20:00,Fiserv Forum,Milwaukee Bucks,Brooklyn Nets,
24,9/4/20 20:00,Target Center,Minnesota Timberwolves,Sacramento Kings,
24,9/4/20 20:00,Smoothie King Center,New Orleans Pelicans,Phoenix Suns,
24,9/4/20 22:00,Moda Center,Portland Trail Blazers,Denver Nuggets,
24,9/4/20 22:30,Staples Center,Los Angeles Lakers,Golden State Warriors,
24,10/4/20 19:00,Amway Center,Orlando Magic,Boston Celtics,
24,10/4/20 19:30,Scotiabank Arena,Toronto Raptors,Atlanta Hawks,
24,10/4/20 20:00,Toyota Center,Houston Rockets,Washington Wizards,
24,10/4/20 20:00,Chesapeake Energy Arena,Oklahoma City Thunder,New York Knicks,
24,10/4/20 20:30,AT&T Center,San Antonio Spurs,Philadelphia 76ers,
24,11/4/20 15:00,American Airlines Center,Dallas Mavericks,Detroit Pistons,
24,11/4/20 19:00,Spectrum Center,Charlotte Hornets,Washington Wizards,
24,11/4/20 19:00,Bankers Life Fieldhouse,Indiana Pacers,Orlando Magic,
24,11/4/20 19:00,Smoothie King Center,New Orleans Pelicans,Philadelphia 76ers,
24,11/4/20 19:30,Rocket Mortgage FieldHouse,Cleveland Cavaliers,Milwaukee Bucks,
24,11/4/20 20:00,AmericanAirlines Arena,Miami Heat,Boston Celtics,
24,11/4/20 20:00,United Center,Chicago Bulls,Brooklyn Nets,
24,11/4/20 20:00,FedExForum,Memphis Grizzlies,Oklahoma City Thunder,
24,11/4/20 20:30,Staples Center,LA Clippers,Golden State Warriors,
24,11/4/20 21:00,Pepsi Center,Denver Nuggets,Sacramento Kings,
24,11/4/20 22:00,Talking Stick Resort Arena,Phoenix Suns,Utah Jazz,
24,12/4/20 15:30,AT&T Center,San Antonio Spurs,Houston Rockets,
24,12/4/20 18:00,Scotiabank Arena,Toronto Raptors,New York Knicks,
24,12/4/20 19:00,Fiserv Forum,Milwaukee Bucks,Atlanta Hawks,
24,12/4/20 21:30,Staples Center,Los Angeles Lakers,Minnesota Timberwolves,
24,13/4/20 19:00,Spectrum Center,Charlotte Hornets,Miami Heat,
24,13/4/20 19:00,Rocket Mortgage FieldHouse,Cleveland Cavaliers,Brooklyn Nets,
24,13/4/20 19:00,Little Caesars Arena,Detroit Pistons,Boston Celtics,
24,13/4/20 19:00,Bankers Life Fieldhouse,Indiana Pacers,San Antonio Spurs,
24,13/4/20 20:00,United Center,Chicago Bulls,Orlando Magic,
24,13/4/20 20:00,Toyota Center,Houston Rockets,Phoenix Suns,
24,13/4/20 20:00,FedExForum,Memphis Grizzlies,Philadelphia 76ers,
24,13/4/20 20:00,Smoothie King Center,New Orleans Pelicans,Washington Wizards,
24,13/4/20 20:00,Chesapeake Energy Arena,Oklahoma City Thunder,Utah Jazz,
24,13/4/20 21:00,Pepsi Center,Denver Nuggets,Dallas Mavericks,
24,13/4/20 22:30,Chase Center,Golden State Warriors,Portland Trail Blazers,
24,13/4/20 22:30,Staples Center,LA Clippers,Minnesota Timberwolves,
24,14/4/20 19:30,AmericanAirlines Arena,Miami Heat,Toronto Raptors,
24,14/4/20 19:30,Madison Square Garden,New York Knicks,Detroit Pistons,
24,14/4/20 22:00,Vivint Smart Home Arena,Utah Jazz,Denver Nuggets,
24,14/4/20 22:30,Staples Center,Los Angeles Lakers,Sacramento Kings,
24,15/4/20 19:30,State Farm Arena,Atlanta Hawks,Cleveland Cavaliers,
24,15/4/20 19:30,TD Garden,Boston Celtics,Chicago Bulls,
24,15/4/20 19:30,Barclays Center,Brooklyn Nets,Milwaukee Bucks,
24,15/4/20 19:30,Amway Center,Orlando Magic,Toronto Raptors,
24,15/4/20 19:30,Wells Fargo Center,Philadelphia 76ers,Charlotte Hornets,
24,15/4/20 19:30,Capital One Arena,Washington Wizards,Indiana Pacers,
24,15/4/20 19:30,American Airlines Center,Dallas Mavericks,Oklahoma City Thunder,
24,15/4/20 19:30,Toyota Center,Houston Rockets,Memphis Grizzlies,
24,15/4/20 19:30,Target Center,Minnesota Timberwolves,New York Knicks,
24,15/4/20 19:30,AT&T Center,San Antonio Spurs,New Orleans Pelicans,
24,15/4/20 22:00,Talking Stick Resort Arena,Phoenix Suns,Los Angeles Lakers,
24,15/4/20 22:00,Moda Center,Portland Trail Blazers,LA Clippers,
24,15/4/20 22:00,Golden 1 Center,Sacramento Kings,Golden State Warriors,