"Round.Number","Date","Location","Home.Team","Away.Team","Result"
1,2019-10-22,"Scotiabank Arena","Toronto Raptors","New Orleans Pelicans","130 - 122"
1,2019-10-22,"Staples Center","LA Clippers","Los Angeles Lakers","112 - 102"
1,2019-10-23,"Spectrum Center","Charlotte Hornets","Chicago Bulls","126 - 125"
1,2019-10-23,"Bankers Life Fieldhouse","Indiana Pacers","Detroit Pistons","110 - 119"
1,2019-10-23,"Amway Center","Orlando Magic","Cleveland Cavaliers","94 - 85"
1,2019-10-23,"Barclays Center","Brooklyn Nets","Minnesota Timberwolves","126 - 127"
1,2019-10-23,"AmericanAirlines Arena","Miami Heat","Memphis Grizzlies","120 - 101"
1,2019-10-23,"Wells Fargo Center","Philadelphia 76ers","Boston Celtics","107 - 93"
1,2019-10-23,"American Airlines Center","Dallas Mavericks","Washington Wizards","108 - 100"
1,2019-10-23,"AT&T Center","San Antonio Spurs","New York Knicks","120 - 111"
1,2019-10-23,"Vivint Smart Home Arena","Utah Jazz","Oklahoma City Thunder","100 - 95"
1,2019-10-23,"Talking Stick Resort Arena","Phoenix Suns","Sacramento Kings","124 - 95"
1,2019-10-23,"Moda Center","Portland Trail Blazers","Denver Nuggets","100 - 108"
1,2019-10-24,"Little Caesars Arena","Detroit Pistons","Atlanta Hawks","100 - 117"
1,2019-10-24,"Toyota Center","Houston Rockets","Milwaukee Bucks","111 - 117"
1,2019-10-24,"Chase Center","Golden State Warriors","LA Clippers","122 - 141"
1,2019-10-25,"TD Garden","Boston Celtics","Toronto Raptors","112 - 106"
1,2019-10-25,"Spectrum Center","Charlotte Hornets","Minnesota Timberwolves","99 - 121"
1,2019-10-25,"Barclays Center","Brooklyn Nets","New York Knicks","113 - 109"
1,2019-10-25,"FedExForum","Memphis Grizzlies","Chicago Bulls","102 - 110"
1,2019-10-25,"Smoothie King Center","New Orleans Pelicans","Dallas Mavericks","116 - 123"
1,2019-10-25,"Chesapeake Energy Arena","Oklahoma City Thunder","Washington Wizards","85 - 97"
1,2019-10-25,"Pepsi Center","Denver Nuggets","Phoenix Suns","108 - 107"
1,2019-10-25,"Golden 1 Center","Sacramento Kings","Portland Trail Blazers","81 - 113"
1,2019-10-25,"Staples Center","Los Angeles Lakers","Utah Jazz","95 - 86"
1,2019-10-26,"Fiserv Forum","Milwaukee Bucks","Miami Heat","126 - 131"
1,2019-10-26,"Little Caesars Arena","Detroit Pistons","Philadelphia 76ers","111 - 117"
1,2019-10-26,"State Farm Arena","Atlanta Hawks","Orlando Magic","103 - 99"
1,2019-10-26,"Madison Square Garden","New York Knicks","Boston Celtics","95 - 118"
1,2019-10-26,"Rocket Mortgage FieldHouse","Cleveland Cavaliers","Indiana Pacers","110 - 99"
1,2019-10-26,"United Center","Chicago Bulls","Toronto Raptors","84 - 108"
1,2019-10-26,"Toyota Center","Houston Rockets","New Orleans Pelicans","126 - 123"
1,2019-10-26,"AT&T Center","San Antonio Spurs","Washington Wizards","124 - 122"
1,2019-10-26,"Vivint Smart Home Arena","Utah Jazz","Sacramento Kings","113 - 81"
1,2019-10-26,"Talking Stick Resort Arena","Phoenix Suns","LA Clippers","130 - 122"
1,2019-10-27,"Chesapeake Energy Arena","Oklahoma City Thunder","Golden State Warriors","120 - 92"
1,2019-10-27,"FedExForum","Memphis Grizzlies","Brooklyn Nets","134 - 133"
1,2019-10-27,"American Airlines Center","Dallas Mavericks","Portland Trail Blazers","119 - 121"
1,2019-10-27,"Target Center","Minnesota Timberwolves","Miami Heat","116 - 109"
1,2019-10-27,"Staples Center","Los Angeles Lakers","Charlotte Hornets","120 - 101"
1,2019-10-28,"Little Caesars Arena","Detroit Pistons","Indiana Pacers","96 - 94"
1,2019-10-28,"Madison Square Garden","New York Knicks","Chicago Bulls","105 - 98"
1,2019-10-28,"State Farm Arena","Atlanta Hawks","Philadelphia 76ers","103 - 105"
1,2019-10-28,"Scotiabank Arena","Toronto Raptors","Orlando Magic","104 - 95"
1,2019-10-28,"Toyota Center","Houston Rockets","Oklahoma City Thunder","116 - 112"
1,2019-10-28,"Fiserv Forum","Milwaukee Bucks","Cleveland Cavaliers","129 - 112"
1,2019-10-28,"Smoothie King Center","New Orleans Pelicans","Golden State Warriors","123 - 134"
1,2019-10-28,"AT&T Center","San Antonio Spurs","Portland Trail Blazers","113 - 110"
1,2019-10-28,"Talking Stick Resort Arena","Phoenix Suns","Utah Jazz","95 - 96"
1,2019-10-28,"Golden 1 Center","Sacramento Kings","Denver Nuggets","94 - 101"
1,2019-10-28,"Staples Center","LA Clippers","Charlotte Hornets","111 - 96"
1,2019-10-29,"AmericanAirlines Arena","Miami Heat","Atlanta Hawks","112 - 97"
1,2019-10-29,"Pepsi Center","Denver Nuggets","Dallas Mavericks","106 - 109"
1,2019-10-29,"Staples Center","Los Angeles Lakers","Memphis Grizzlies","120 - 91"
1,2019-10-30,"Rocket Mortgage FieldHouse","Cleveland Cavaliers","Chicago Bulls","117 - 111"
1,2019-10-30,"Amway Center","Orlando Magic","New York Knicks","95 - 83"
1,2019-10-30,"Wells Fargo Center","Philadelphia 76ers","Minnesota Timberwolves","117 - 95"
1,2019-10-30,"TD Garden","Boston Celtics","Milwaukee Bucks","116 - 105"
1,2019-10-30,"Barclays Center","Brooklyn Nets","Indiana Pacers","108 - 118"
1,2019-10-30,"Scotiabank Arena","Toronto Raptors","Detroit Pistons","125 - 113"
1,2019-10-30,"Capital One Arena","Washington Wizards","Houston Rockets","158 - 159"
1,2019-10-30,"Chesapeake Energy Arena","Oklahoma City Thunder","Portland Trail Blazers","99 - 102"
1,2019-10-30,"Vivint Smart Home Arena","Utah Jazz","LA Clippers","110 - 96"
1,2019-10-30,"Golden 1 Center","Sacramento Kings","Charlotte Hornets","111 - 118"
1,2019-10-30,"Chase Center","Golden State Warriors","Phoenix Suns","110 - 121"
1,2019-10-31,"State Farm Arena","Atlanta Hawks","Miami Heat","97 - 106"
2,2019-10-31,"Smoothie King Center","New Orleans Pelicans","Denver Nuggets","122 - 107"
2,2019-10-31,"Staples Center","LA Clippers","San Antonio Spurs","103 - 97"
2,2019-11-01,"Barclays Center","Brooklyn Nets","Houston Rockets","123 - 116"
2,2019-11-01,"Bankers Life Fieldhouse","Indiana Pacers","Cleveland Cavaliers","102 - 95"
2,2019-11-01,"Amway Center","Orlando Magic","Milwaukee Bucks","91 - 123"
2,2019-11-01,"TD Garden","Boston Celtics","New York Knicks","104 - 102"
2,2019-11-01,"United Center","Chicago Bulls","Detroit Pistons","112 - 106"
2,2019-11-01,"American Airlines Center","Dallas Mavericks","Los Angeles Lakers","110 - 119"
2,2019-11-01,"Golden 1 Center","Sacramento Kings","Utah Jazz","102 - 101"
2,2019-11-01,"Chase Center","Golden State Warriors","San Antonio Spurs","110 - 127"
2,2019-11-02,"Chesapeake Energy Arena","Oklahoma City Thunder","New Orleans Pelicans","115 - 104"
2,2019-11-02,"Little Caesars Arena","Detroit Pistons","Brooklyn Nets","113 - 109"
2,2019-11-02,"Amway Center","Orlando Magic","Denver Nuggets","87 - 91"
2,2019-11-02,"Capital One Arena","Washington Wizards","Minnesota Timberwolves","109 - 131"
2,2019-11-02,"FedExForum","Memphis Grizzlies","Phoenix Suns","105 - 114"
2,2019-11-02,"Fiserv Forum","Milwaukee Bucks","Toronto Raptors","115 - 105"
2,2019-11-02,"Chase Center","Golden State Warriors","Charlotte Hornets","87 - 93"
2,2019-11-02,"Moda Center","Portland Trail Blazers","Philadelphia 76ers","128 - 129"
2,2019-11-03,"Bankers Life Fieldhouse","Indiana Pacers","Chicago Bulls","108 - 95"
2,2019-11-03,"AmericanAirlines Arena","Miami Heat","Houston Rockets","129 - 100"
2,2019-11-03,"Madison Square Garden","New York Knicks","Sacramento Kings","92 - 113"
2,2019-11-03,"AT&T Center","San Antonio Spurs","Los Angeles Lakers","96 - 103"
2,2019-11-03,"Rocket Mortgage FieldHouse","Cleveland Cavaliers","Dallas Mavericks","111 - 131"
2,2019-11-03,"Staples Center","LA Clippers","Utah Jazz","105 - 94"
2,2019-11-04,"Capital One Arena","Washington Wizards","Detroit Pistons",""
2,2019-11-04,"Barclays Center","Brooklyn Nets","New Orleans Pelicans",""
2,2019-11-04,"FedExForum","Memphis Grizzlies","Houston Rockets",""
2,2019-11-04,"Target Center","Minnesota Timberwolves","Milwaukee Bucks",""
2,2019-11-04,"Talking Stick Resort Arena","Phoenix Suns","Philadelphia 76ers",""
2,2019-11-04,"Chase Center","Golden State Warriors","Portland Trail Blazers",""
2,2019-11-05,"Spectrum Center","Charlotte Hornets","Indiana Pacers",""
2,2019-11-05,"Rocket Mortgage FieldHouse","Cleveland Cavaliers","Boston Celtics",""
2,2019-11-05,"State Farm Arena","Atlanta Hawks","San Antonio Spurs",""
2,2019-11-05,"United Center","Chicago Bulls","Los Angeles Lakers",""
2,2019-11-05,"Chesapeake Energy Arena","Oklahoma City Thunder","Orlando Magic",""
2,2019-11-05,"Pepsi Center","Denver Nuggets","Miami Heat",""
2,2019-11-06,"Little Caesars Arena","Detroit Pistons","New York Knicks",""
2,2019-11-06,"Bankers Life Fieldhouse","Indiana Pacers","Washington Wizards",""
2,2019-11-06,"State Farm Arena","Atlanta Hawks","Chicago Bulls",""
2,2019-11-06,"Scotiabank Arena","Toronto Raptors","Sacramento Kings",""
2,2019-11-06,"Toyota Center","Houston Rockets","Golden State Warriors",""
2,2019-11-06,"FedExForum","Memphis Grizzlies","Minnesota Timberwolves",""
2,2019-11-06,"American Airlines Center","Dallas Mavericks","Orlando Magic",""
2,2019-11-06,"Vivint Smart Home Arena","Utah Jazz","Philadelphia 76ers",""
2,2019-11-06,"Staples Center","LA Clippers","Milwaukee Bucks",""
3,2019-11-07,"Spectrum Center","Charlotte Hornets","Boston Celtics",""
3,2019-11-07,"AT&T Center","San Antonio Spurs","Oklahoma City Thunder",""
3,2019-11-07,"Talking Stick Resort Arena","Phoenix Suns","Miami Heat",""
3,2019-11-07,"Staples Center","LA Clippers","Portland Trail Blazers",""
3,2019-11-08,"Bankers Life Fieldhouse","Indiana Pacers","Detroit Pistons",""
3,2019-11-08,"Amway Center","Orlando Magic","Memphis Grizzlies",""
3,2019-11-08,"Capital One Arena","Washington Wizards","Cleveland Cavaliers",""
3,2019-11-08,"State Farm Arena","Atlanta Hawks","Sacramento Kings",""
3,2019-11-08,"Target Center","Minnesota Timberwolves","Golden State Warriors",""
3,2019-11-08,"Smoothie King Center","New Orleans Pelicans","Toronto Raptors",""
3,2019-11-08,"American Airlines Center","Dallas Mavericks","New York Knicks",""
3,2019-11-08,"Pepsi Center","Denver Nuggets","Philadelphia 76ers",""
3,2019-11-08,"Vivint Smart Home Arena","Utah Jazz","Milwaukee Bucks",""
3,2019-11-08,"Moda Center","Portland Trail Blazers","Brooklyn Nets",""
3,2019-11-08,"Staples Center","Los Angeles Lakers","Miami Heat",""
3,2019-11-09,"AT&T Center","San Antonio Spurs","Boston Celtics",""
3,2019-11-09,"Spectrum Center","Charlotte Hornets","New Orleans Pelicans",""
3,2019-11-09,"United Center","Chicago Bulls","Houston Rockets",""
3,2019-11-09,"FedExForum","Memphis Grizzlies","Dallas Mavericks",""
3,2019-11-09,"Chesapeake Energy Arena","Oklahoma City Thunder","Golden State Warriors",""
3,2019-11-10,"Target Center","Minnesota Timberwolves","Denver Nuggets",""
3,2019-11-10,"Amway Center","Orlando Magic","Indiana Pacers",""
3,2019-11-10,"Wells Fargo Center","Philadelphia 76ers","Charlotte Hornets",""
3,2019-11-10,"Chesapeake Energy Arena","Oklahoma City Thunder","Milwaukee Bucks",""
3,2019-11-10,"Madison Square Garden","New York Knicks","Cleveland Cavaliers",""
3,2019-11-10,"Talking Stick Resort Arena","Phoenix Suns","Brooklyn Nets",""
3,2019-11-10,"Moda Center","Portland Trail Blazers","Atlanta Hawks",""
3,2019-11-10,"Staples Center","Los Angeles Lakers","Toronto Raptors",""
3,2019-11-11,"Little Caesars Arena","Detroit Pistons","Minnesota Timberwolves",""
3,2019-11-11,"TD Garden","Boston Celtics","Dallas Mavericks",""
3,2019-11-11,"AT&T Center","San Antonio Spurs","Memphis Grizzlies",""
3,2019-11-11,"Smoothie King Center","New Orleans Pelicans","Houston Rockets",""
3,2019-11-11,"Chase Center","Golden State Warriors","Utah Jazz",""
3,2019-11-11,"Staples Center","LA Clippers","Toronto Raptors",""
3,2019-11-12,"Bankers Life Fieldhouse","Indiana Pacers","Oklahoma City Thunder",""
3,2019-11-12,"Wells Fargo Center","Philadelphia 76ers","Cleveland Cavaliers",""
3,2019-11-12,"AmericanAirlines Arena","Miami Heat","Detroit Pistons",""
3,2019-11-12,"United Center","Chicago Bulls","New York Knicks",""
3,2019-11-12,"Pepsi Center","Denver Nuggets","Atlanta Hawks",""
3,2019-11-12,"Talking Stick Resort Arena","Phoenix Suns","Los Angeles Lakers",""
3,2019-11-12,"Vivint Smart Home Arena","Utah Jazz","Brooklyn Nets",""
3,2019-11-12,"Golden 1 Center","Sacramento Kings","Portland Trail Blazers",""
3,2019-11-13,"Spectrum Center","Charlotte Hornets","Memphis Grizzlies",""
3,2019-11-13,"Amway Center","Orlando Magic","Philadelphia 76ers",""
3,2019-11-13,"TD Garden","Boston Celtics","Washington Wizards",""
3,2019-11-13,"Toyota Center","Houston Rockets","LA Clippers",""
3,2019-11-13,"Target Center","Minnesota Timberwolves","San Antonio Spurs",""
3,2019-11-13,"Staples Center","Los Angeles Lakers","Golden State Warriors",""
3,2019-11-13,"Moda Center","Portland Trail Blazers","Toronto Raptors",""
3,2019-11-14,"Rocket Mortgage FieldHouse","Cleveland Cavaliers","Miami Heat",""
4,2019-11-14,"Madison Square Garden","New York Knicks","Dallas Mavericks",""
4,2019-11-14,"Fiserv Forum","Milwaukee Bucks","Chicago Bulls",""
4,2019-11-14,"Smoothie King Center","New Orleans Pelicans","LA Clippers",""
4,2019-11-14,"Talking Stick Resort Arena","Phoenix Suns","Atlanta Hawks",""
4,2019-11-14,"Pepsi Center","Denver Nuggets","Brooklyn Nets",""
4,2019-11-15,"Spectrum Center","Charlotte Hornets","Detroit Pistons",""
4,2019-11-15,"Amway Center","Orlando Magic","San Antonio Spurs",""
4,2019-11-15,"Toyota Center","Houston Rockets","Indiana Pacers",""
4,2019-11-15,"FedExForum","Memphis Grizzlies","Utah Jazz",""
4,2019-11-15,"Target Center","Minnesota Timberwolves","Washington Wizards",""
4,2019-11-15,"Chesapeake Energy Arena","Oklahoma City Thunder","Philadelphia 76ers",""
4,2019-11-15,"Chase Center","Golden State Warriors","Boston Celtics",""
4,2019-11-15,"Staples Center","Los Angeles Lakers","Sacramento Kings",""
4,2019-11-16,"United Center","Chicago Bulls","Brooklyn Nets",""
4,2019-11-16,"Bankers Life Fieldhouse","Indiana Pacers","Milwaukee Bucks",""
4,2019-11-16,"Madison Square Garden","New York Knicks","Charlotte Hornets",""
4,2019-11-16,"AmericanAirlines Arena","Miami Heat","New Orleans Pelicans",""
4,2019-11-16,"Target Center","Minnesota Timberwolves","Houston Rockets",""
4,2019-11-16,"American Airlines Center","Dallas Mavericks","Toronto Raptors",""
4,2019-11-16,"AT&T Center","San Antonio Spurs","Portland Trail Blazers",""
4,2019-11-16,"Staples Center","LA Clippers","Atlanta Hawks",""
4,2019-11-17,"Rocket Mortgage FieldHouse","Cleveland Cavaliers","Philadelphia 76ers",""
4,2019-11-17,"Golden 1 Center","Sacramento Kings","Boston Celtics",""
4,2019-11-17,"Amway Center","Orlando Magic","Washington Wizards",""
4,2019-11-17,"FedExForum","Memphis Grizzlies","Denver Nuggets",""
4,2019-11-17,"Smoothie King Center","New Orleans Pelicans","Golden State Warriors",""
4,2019-11-17,"Staples Center","Los Angeles Lakers","Atlanta Hawks",""
4,2019-11-18,"Madison Square Garden","New York Knicks","Cleveland Cavaliers",""
4,2019-11-18,"Barclays Center","Brooklyn Nets","Indiana Pacers",""
4,2019-11-18,"Scotiabank Arena","Toronto Raptors","Charlotte Hornets",""
4,2019-11-18,"United Center","Chicago Bulls","Milwaukee Bucks",""
4,2019-11-18,"Toyota Center","Houston Rockets","Portland Trail Blazers",""
4,2019-11-18,"American Airlines Center","Dallas Mavericks","San Antonio Spurs",""
4,2019-11-18,"Talking Stick Resort Arena","Phoenix Suns","Boston Celtics",""
4,2019-11-18,"Vivint Smart Home Arena","Utah Jazz","Minnesota Timberwolves",""
4,2019-11-18,"Staples Center","LA Clippers","Oklahoma City Thunder",""
4,2019-11-19,"FedExForum","Memphis Grizzlies","Golden State Warriors",""
4,2019-11-19,"Smoothie King Center","New Orleans Pelicans","Portland Trail Blazers",""
4,2019-11-19,"Golden 1 Center","Sacramento Kings","Phoenix Suns",""
4,2019-11-19,"Staples Center","Los Angeles Lakers","Oklahoma City Thunder",""
4,2019-11-20,"Wells Fargo Center","Philadelphia 76ers","New York Knicks",""
4,2019-11-20,"Capital One Arena","Washington Wizards","San Antonio Spurs",""
4,2019-11-20,"State Farm Arena","Atlanta Hawks","Milwaukee Bucks",""
4,2019-11-20,"Barclays Center","Brooklyn Nets","Charlotte Hornets",""
4,2019-11-20,"AmericanAirlines Arena","Miami Heat","Cleveland Cavaliers",""
4,2019-11-20,"Scotiabank Arena","Toronto Raptors","Orlando Magic",""
4,2019-11-20,"American Airlines Center","Dallas Mavericks","Golden State Warriors",""
4,2019-11-20,"United Center","Chicago Bulls","Detroit Pistons",""
4,2019-11-20,"Target Center","Minnesota Timberwolves","Utah Jazz",""
4,2019-11-20,"Pepsi Center","Denver Nuggets","Houston Rockets",""
4,2019-11-20,"Staples Center","LA Clippers","Boston Celtics",""
5,2019-11-21,"Fiserv Forum","Milwaukee Bucks","Portland Trail Blazers",""
5,2019-11-21,"Talking Stick Resort Arena","Phoenix Suns","New Orleans Pelicans",""
5,2019-11-22,"Little Caesars Arena","Detroit Pistons","Atlanta Hawks",""
5,2019-11-22,"Capital One Arena","Washington Wizards","Charlotte Hornets",""
5,2019-11-22,"Barclays Center","Brooklyn Nets","Sacramento Kings",""
5,2019-11-22,"Wells Fargo Center","Philadelphia 76ers","San Antonio Spurs",""
5,2019-11-22,"United Center","Chicago Bulls","Miami Heat",""
5,2019-11-22,"Chesapeake Energy Arena","Oklahoma City Thunder","Los Angeles Lakers",""
5,2019-11-22,"American Airlines Center","Dallas Mavericks","Cleveland Cavaliers",""
5,2019-11-22,"Pepsi Center","Denver Nuggets","Boston Celtics",""
5,2019-11-22,"Vivint Smart Home Arena","Utah Jazz","Golden State Warriors",""
5,2019-11-22,"Staples Center","LA Clippers","Houston Rockets",""
5,2019-11-23,"Target Center","Minnesota Timberwolves","Phoenix Suns",""
5,2019-11-23,"Spectrum Center","Charlotte Hornets","Chicago Bulls",""
5,2019-11-23,"Bankers Life Fieldhouse","Indiana Pacers","Orlando Magic",""
5,2019-11-23,"State Farm Arena","Atlanta Hawks","Toronto Raptors",""
5,2019-11-23,"Madison Square Garden","New York Knicks","San Antonio Spurs",""
5,2019-11-23,"Wells Fargo Center","Philadelphia 76ers","Miami Heat",""
5,2019-11-23,"Rocket Mortgage FieldHouse","Cleveland Cavaliers","Portland Trail Blazers",""
5,2019-11-23,"FedExForum","Memphis Grizzlies","Los Angeles Lakers",""
5,2019-11-23,"Fiserv Forum","Milwaukee Bucks","Detroit Pistons",""
5,2019-11-23,"Vivint Smart Home Arena","Utah Jazz","New Orleans Pelicans",""
5,2019-11-24,"Toyota Center","Houston Rockets","Dallas Mavericks",""
5,2019-11-24,"Madison Square Garden","New York Knicks","Brooklyn Nets",""
5,2019-11-24,"Capital One Arena","Washington Wizards","Sacramento Kings",""
5,2019-11-24,"Pepsi Center","Denver Nuggets","Phoenix Suns",""
5,2019-11-24,"Staples Center","LA Clippers","New Orleans Pelicans",""
5,2019-11-25,"Rocket Mortgage FieldHouse","Cleveland Cavaliers","Brooklyn Nets",""
5,2019-11-25,"Little Caesars Arena","Detroit Pistons","Orlando Magic",""
5,2019-11-25,"Bankers Life Fieldhouse","Indiana Pacers","Memphis Grizzlies",""
5,2019-11-25,"State Farm Arena","Atlanta Hawks","Minnesota Timberwolves",""
5,2019-11-25,"TD Garden","Boston Celtics","Sacramento Kings",""
5,2019-11-25,"AmericanAirlines Arena","Miami Heat","Charlotte Hornets",""
5,2019-11-25,"Scotiabank Arena","Toronto Raptors","Philadelphia 76ers",""
5,2019-11-25,"United Center","Chicago Bulls","Portland Trail Blazers",""
5,2019-11-25,"Fiserv Forum","Milwaukee Bucks","Utah Jazz",""
5,2019-11-25,"AT&T Center","San Antonio Spurs","Los Angeles Lakers",""
5,2019-11-25,"Chase Center","Golden State Warriors","Oklahoma City Thunder",""
5,2019-11-26,"American Airlines Center","Dallas Mavericks","LA Clippers",""
5,2019-11-26,"Pepsi Center","Denver Nuggets","Washington Wizards",""
5,2019-11-27,"TD Garden","Boston Celtics","Brooklyn Nets",""
5,2019-11-27,"Spectrum Center","Charlotte Hornets","Detroit Pistons",""
5,2019-11-27,"Rocket Mortgage FieldHouse","Cleveland Cavaliers","Orlando Magic",""
5,2019-11-27,"Bankers Life Fieldhouse","Indiana Pacers","Utah Jazz",""
5,2019-11-27,"Wells Fargo Center","Philadelphia 76ers","Sacramento Kings",""
5,2019-11-27,"Scotiabank Arena","Toronto Raptors","New York Knicks",""
5,2019-11-27,"Toyota Center","Houston Rockets","Miami Heat",""
5,2019-11-27,"FedExForum","Memphis Grizzlies","LA Clippers",""
5,2019-11-27,"Fiserv Forum","Milwaukee Bucks","Atlanta Hawks",""
5,2019-11-27,"AT&T Center","San Antonio Spurs","Minnesota Timberwolves",""
5,2019-11-27,"Talking Stick Resort Arena","Phoenix Suns","Washington Wizards",""
5,2019-11-27,"Smoothie King Center","New Orleans Pelicans","Los Angeles Lakers",""
5,2019-11-27,"Moda Center","Portland Trail Blazers","Oklahoma City Thunder",""
5,2019-11-27,"Chase Center","Golden State Warriors","Chicago Bulls",""
6,2019-11-29,"Barclays Center","Brooklyn Nets","Boston Celtics",""
6,2019-11-29,"Little Caesars Arena","Detroit Pistons","Charlotte Hornets",""
6,2019-11-29,"Amway Center","Orlando Magic","Toronto Raptors",""
6,2019-11-29,"Rocket Mortgage FieldHouse","Cleveland Cavaliers","Milwaukee Bucks",""
6,2019-11-29,"Madison Square Garden","New York Knicks","Philadelphia 76ers",""
6,2019-11-29,"Bankers Life Fieldhouse","Indiana Pacers","Atlanta Hawks",""
6,2019-11-29,"AmericanAirlines Arena","Miami Heat","Golden State Warriors",""
6,2019-11-29,"FedExForum","Memphis Grizzlies","Utah Jazz",""
6,2019-11-29,"Chesapeake Energy Arena","Oklahoma City Thunder","New Orleans Pelicans",""
6,2019-11-29,"AT&T Center","San Antonio Spurs","LA Clippers",""
6,2019-11-29,"Talking Stick Resort Arena","Phoenix Suns","Dallas Mavericks",""
6,2019-11-29,"Moda Center","Portland Trail Blazers","Chicago Bulls",""
6,2019-11-29,"Staples Center","Los Angeles Lakers","Washington Wizards",""
6,2019-11-30,"Golden 1 Center","Sacramento Kings","Denver Nuggets",""
6,2019-11-30,"Wells Fargo Center","Philadelphia 76ers","Indiana Pacers",""
6,2019-11-30,"Toyota Center","Houston Rockets","Atlanta Hawks",""
6,2019-11-30,"Fiserv Forum","Milwaukee Bucks","Charlotte Hornets",""
6,2019-12-01,"Barclays Center","Brooklyn Nets","Miami Heat",""
6,2019-12-01,"Madison Square Garden","New York Knicks","Boston Celtics",""
6,2019-12-01,"Target Center","Minnesota Timberwolves","Memphis Grizzlies",""
6,2019-12-01,"Staples Center","Los Angeles Lakers","Dallas Mavericks",""
6,2019-12-01,"Little Caesars Arena","Detroit Pistons","San Antonio Spurs",""
6,2019-12-01,"Smoothie King Center","New Orleans Pelicans","Oklahoma City Thunder",""
6,2019-12-01,"Amway Center","Orlando Magic","Golden State Warriors",""
6,2019-12-01,"Scotiabank Arena","Toronto Raptors","Utah Jazz",""
6,2019-12-01,"Staples Center","LA Clippers","Washington Wizards",""
6,2019-12-02,"Spectrum Center","Charlotte Hornets","Phoenix Suns",""
6,2019-12-02,"Wells Fargo Center","Philadelphia 76ers","Utah Jazz",""
6,2019-12-02,"State Farm Arena","Atlanta Hawks","Golden State Warriors",""
6,2019-12-02,"FedExForum","Memphis Grizzlies","Indiana Pacers",""
6,2019-12-02,"Fiserv Forum","Milwaukee Bucks","New York Knicks",""
6,2019-12-02,"Golden 1 Center","Sacramento Kings","Chicago Bulls",""
6,2019-12-03,"Rocket Mortgage FieldHouse","Cleveland Cavaliers","Detroit Pistons",""
6,2019-12-03,"Capital One Arena","Washington Wizards","Orlando Magic",""
6,2019-12-03,"Scotiabank Arena","Toronto Raptors","Miami Heat",""
6,2019-12-03,"Smoothie King Center","New Orleans Pelicans","Dallas Mavericks",""
6,2019-12-03,"AT&T Center","San Antonio Spurs","Houston Rockets",""
6,2019-12-03,"Pepsi Center","Denver Nuggets","Los Angeles Lakers",""
6,2019-12-03,"Staples Center","LA Clippers","Portland Trail Blazers",""
6,2019-12-04,"Spectrum Center","Charlotte Hornets","Golden State Warriors",""
6,2019-12-04,"Little Caesars Arena","Detroit Pistons","Milwaukee Bucks",""
6,2019-12-04,"Amway Center","Orlando Magic","Phoenix Suns",""
6,2019-12-04,"State Farm Arena","Atlanta Hawks","Brooklyn Nets",""
6,2019-12-04,"TD Garden","Boston Celtics","Miami Heat",""
6,2019-12-04,"United Center","Chicago Bulls","Memphis Grizzlies",""
6,2019-12-04,"Chesapeake Energy Arena","Oklahoma City Thunder","Indiana Pacers",""
6,2019-12-04,"American Airlines Center","Dallas Mavericks","Minnesota Timberwolves",""
6,2019-12-04,"Vivint Smart Home Arena","Utah Jazz","Los Angeles Lakers",""
6,2019-12-04,"Moda Center","Portland Trail Blazers","Sacramento Kings",""
7,2019-12-05,"Capital One Arena","Washington Wizards","Philadelphia 76ers",""
7,2019-12-05,"Madison Square Garden","New York Knicks","Denver Nuggets",""
7,2019-12-05,"Scotiabank Arena","Toronto Raptors","Houston Rockets",""
7,2019-12-05,"Smoothie King Center","New Orleans Pelicans","Phoenix Suns",""
7,2019-12-06,"Spectrum Center","Charlotte Hornets","Brooklyn Nets",""
7,2019-12-06,"Rocket Mortgage FieldHouse","Cleveland Cavaliers","Orlando Magic",""
7,2019-12-06,"Little Caesars Arena","Detroit Pistons","Indiana Pacers",""
7,2019-12-06,"TD Garden","Boston Celtics","Denver Nuggets",""
7,2019-12-06,"AmericanAirlines Arena","Miami Heat","Washington Wizards",""
7,2019-12-06,"United Center","Chicago Bulls","Golden State Warriors",""
7,2019-12-06,"Chesapeake Energy Arena","Oklahoma City Thunder","Minnesota Timberwolves",""
7,2019-12-06,"Fiserv Forum","Milwaukee Bucks","LA Clippers",""
7,2019-12-06,"AT&T Center","San Antonio Spurs","Sacramento Kings",""
7,2019-12-06,"Moda Center","Portland Trail Blazers","Los Angeles Lakers",""
7,2019-12-07,"American Airlines Center","Dallas Mavericks","New Orleans Pelicans",""
7,2019-12-07,"Madison Square Garden","New York Knicks","Indiana Pacers",""
7,2019-12-07,"Wells Fargo Center","Philadelphia 76ers","Cleveland Cavaliers",""
7,2019-12-07,"Toyota Center","Houston Rockets","Phoenix Suns",""
7,2019-12-07,"Vivint Smart Home Arena","Utah Jazz","Memphis Grizzlies",""
7,2019-12-08,"Barclays Center","Brooklyn Nets","Denver Nuggets",""
7,2019-12-08,"Spectrum Center","Charlotte Hornets","Atlanta Hawks",""
7,2019-12-08,"AmericanAirlines Arena","Miami Heat","Chicago Bulls",""
7,2019-12-08,"Wells Fargo Center","Philadelphia 76ers","Toronto Raptors",""
7,2019-12-08,"Capital One Arena","Washington Wizards","LA Clippers",""
7,2019-12-08,"American Airlines Center","Dallas Mavericks","Sacramento Kings",""
7,2019-12-08,"Moda Center","Portland Trail Blazers","Oklahoma City Thunder",""
7,2019-12-08,"Staples Center","Los Angeles Lakers","Minnesota Timberwolves",""
7,2019-12-09,"Bankers Life Fieldhouse","Indiana Pacers","LA Clippers",""
7,2019-12-09,"TD Garden","Boston Celtics","Cleveland Cavaliers",""
7,2019-12-09,"United Center","Chicago Bulls","Toronto Raptors",""
7,2019-12-09,"Toyota Center","Houston Rockets","Sacramento Kings",""
7,2019-12-09,"Fiserv Forum","Milwaukee Bucks","Orlando Magic",""
7,2019-12-09,"Smoothie King Center","New Orleans Pelicans","Detroit Pistons",""
7,2019-12-09,"Talking Stick Resort Arena","Phoenix Suns","Minnesota Timberwolves",""
7,2019-12-09,"Vivint Smart Home Arena","Utah Jazz","Oklahoma City Thunder",""
7,2019-12-09,"Chase Center","Golden State Warriors","Memphis Grizzlies",""
7,2019-12-10,"Spectrum Center","Charlotte Hornets","Washington Wizards",""
7,2019-12-10,"Wells Fargo Center","Philadelphia 76ers","Denver Nuggets",""
7,2019-12-10,"AmericanAirlines Arena","Miami Heat","Atlanta Hawks",""
7,2019-12-10,"Moda Center","Portland Trail Blazers","New York Knicks",""
7,2019-12-11,"Rocket Mortgage FieldHouse","Cleveland Cavaliers","Houston Rockets",""
7,2019-12-11,"Bankers Life Fieldhouse","Indiana Pacers","Boston Celtics",""
7,2019-12-11,"Amway Center","Orlando Magic","Los Angeles Lakers",""
7,2019-12-11,"Scotiabank Arena","Toronto Raptors","LA Clippers",""
7,2019-12-11,"Barclays Center","Brooklyn Nets","Charlotte Hornets",""
7,2019-12-11,"United Center","Chicago Bulls","Atlanta Hawks",""
7,2019-12-11,"Target Center","Minnesota Timberwolves","Utah Jazz",""
7,2019-12-11,"Talking Stick Resort Arena","Phoenix Suns","Memphis Grizzlies",""
7,2019-12-11,"Fiserv Forum","Milwaukee Bucks","New Orleans Pelicans",""
7,2019-12-11,"Golden 1 Center","Sacramento Kings","Oklahoma City Thunder",""
7,2019-12-11,"Chase Center","Golden State Warriors","New York Knicks",""
8,2019-12-12,"TD Garden","Boston Celtics","Philadelphia 76ers",""
8,2019-12-12,"AT&T Center","San Antonio Spurs","Cleveland Cavaliers",""
8,2019-12-12,"Arena Ciudad de Mexico","Detroit Pistons","Dallas Mavericks",""
8,2019-12-12,"Pepsi Center","Denver Nuggets","Portland Trail Blazers",""
8,2019-12-13,"Amway Center","Orlando Magic","Houston Rockets",""
8,2019-12-13,"Wells Fargo Center","Philadelphia 76ers","New Orleans Pelicans",""
8,2019-12-13,"State Farm Arena","Atlanta Hawks","Indiana Pacers",""
8,2019-12-13,"AmericanAirlines Arena","Miami Heat","Los Angeles Lakers",""
8,2019-12-13,"United Center","Chicago Bulls","Charlotte Hornets",""
8,2019-12-13,"FedExForum","Memphis Grizzlies","Milwaukee Bucks",""
8,2019-12-13,"Target Center","Minnesota Timberwolves","LA Clippers",""
8,2019-12-13,"Golden 1 Center","Sacramento Kings","New York Knicks",""
8,2019-12-13,"Vivint Smart Home Arena","Utah Jazz","Golden State Warriors",""
8,2019-12-14,"Arena Ciudad de Mexico","Phoenix Suns","San Antonio Spurs",""
8,2019-12-14,"Scotiabank Arena","Toronto Raptors","Brooklyn Nets",""
8,2019-12-14,"United Center","Chicago Bulls","LA Clippers",""
8,2019-12-14,"FedExForum","Memphis Grizzlies","Washington Wizards",""
8,2019-12-14,"American Airlines Center","Dallas Mavericks","Miami Heat",""
8,2019-12-14,"Fiserv Forum","Milwaukee Bucks","Cleveland Cavaliers",""
8,2019-12-14,"Toyota Center","Houston Rockets","Detroit Pistons",""
8,2019-12-14,"Pepsi Center","Denver Nuggets","Oklahoma City Thunder",""
8,2019-12-15,"Smoothie King Center","New Orleans Pelicans","Orlando Magic",""
8,2019-12-15,"Bankers Life Fieldhouse","Indiana Pacers","Charlotte Hornets",""
8,2019-12-15,"State Farm Arena","Atlanta Hawks","Los Angeles Lakers",""
8,2019-12-15,"Barclays Center","Brooklyn Nets","Philadelphia 76ers",""
8,2019-12-15,"Pepsi Center","Denver Nuggets","New York Knicks",""
8,2019-12-15,"Chase Center","Golden State Warriors","Sacramento Kings",""
8,2019-12-16,"Little Caesars Arena","Detroit Pistons","Washington Wizards",""
8,2019-12-16,"Scotiabank Arena","Toronto Raptors","Cleveland Cavaliers",""
8,2019-12-16,"Toyota Center","Houston Rockets","San Antonio Spurs",""
8,2019-12-16,"FedExForum","Memphis Grizzlies","Miami Heat",""
8,2019-12-16,"Fiserv Forum","Milwaukee Bucks","Dallas Mavericks",""
8,2019-12-16,"Chesapeake Energy Arena","Oklahoma City Thunder","Chicago Bulls",""
8,2019-12-16,"Talking Stick Resort Arena","Phoenix Suns","Portland Trail Blazers",""
8,2019-12-17,"Spectrum Center","Charlotte Hornets","Sacramento Kings",""
8,2019-12-17,"Bankers Life Fieldhouse","Indiana Pacers","Los Angeles Lakers",""
8,2019-12-17,"Madison Square Garden","New York Knicks","Atlanta Hawks",""
8,2019-12-17,"Smoothie King Center","New Orleans Pelicans","Brooklyn Nets",""
8,2019-12-17,"Vivint Smart Home Arena","Utah Jazz","Orlando Magic",""
8,2019-12-17,"Staples Center","LA Clippers","Phoenix Suns",""
8,2019-12-18,"Rocket Mortgage FieldHouse","Cleveland Cavaliers","Charlotte Hornets",""
8,2019-12-18,"Little Caesars Arena","Detroit Pistons","Toronto Raptors",""
8,2019-12-18,"Capital One Arena","Washington Wizards","Chicago Bulls",""
8,2019-12-18,"Wells Fargo Center","Philadelphia 76ers","Miami Heat",""
8,2019-12-18,"Target Center","Minnesota Timberwolves","New Orleans Pelicans",""
8,2019-12-18,"Chesapeake Energy Arena","Oklahoma City Thunder","Memphis Grizzlies",""
8,2019-12-18,"American Airlines Center","Dallas Mavericks","Boston Celtics",""
8,2019-12-18,"Pepsi Center","Denver Nuggets","Orlando Magic",""
8,2019-12-18,"Moda Center","Portland Trail Blazers","Golden State Warriors",""
9,2019-12-19,"State Farm Arena","Atlanta Hawks","Utah Jazz",""
9,2019-12-19,"Fiserv Forum","Milwaukee Bucks","Los Angeles Lakers",""
9,2019-12-19,"AT&T Center","San Antonio Spurs","Brooklyn Nets",""
9,2019-12-19,"Staples Center","LA Clippers","Houston Rockets",""
9,2019-12-20,"Rocket Mortgage FieldHouse","Cleveland Cavaliers","Memphis Grizzlies",""
9,2019-12-20,"Bankers Life Fieldhouse","Indiana Pacers","Sacramento Kings",""
9,2019-12-20,"TD Garden","Boston Celtics","Detroit Pistons",""
9,2019-12-20,"Scotiabank Arena","Toronto Raptors","Washington Wizards",""
9,2019-12-20,"AmericanAirlines Arena","Miami Heat","New York Knicks",""
9,2019-12-20,"Wells Fargo Center","Philadelphia 76ers","Dallas Mavericks",""
9,2019-12-20,"Chesapeake Energy Arena","Oklahoma City Thunder","Phoenix Suns",""
9,2019-12-20,"Pepsi Center","Denver Nuggets","Minnesota Timberwolves",""
9,2019-12-20,"Moda Center","Portland Trail Blazers","Orlando Magic",""
9,2019-12-20,"Chase Center","Golden State Warriors","New Orleans Pelicans",""
9,2019-12-21,"Spectrum Center","Charlotte Hornets","Utah Jazz",""
9,2019-12-21,"Barclays Center","Brooklyn Nets","Atlanta Hawks",""
9,2019-12-21,"Little Caesars Arena","Detroit Pistons","Chicago Bulls",""
9,2019-12-21,"Wells Fargo Center","Philadelphia 76ers","Washington Wizards",""
9,2019-12-21,"Madison Square Garden","New York Knicks","Milwaukee Bucks",""
9,2019-12-21,"FedExForum","Memphis Grizzlies","Sacramento Kings",""
9,2019-12-21,"AT&T Center","San Antonio Spurs","LA Clippers",""
9,2019-12-21,"Talking Stick Resort Arena","Phoenix Suns","Houston Rockets",""
9,2019-12-21,"Moda Center","Portland Trail Blazers","Minnesota Timberwolves",""
9,2019-12-22,"Scotiabank Arena","Toronto Raptors","Dallas Mavericks",""
9,2019-12-22,"TD Garden","Boston Celtics","Charlotte Hornets",""
9,2019-12-22,"Fiserv Forum","Milwaukee Bucks","Indiana Pacers",""
9,2019-12-22,"Chesapeake Energy Arena","Oklahoma City Thunder","LA Clippers",""
9,2019-12-22,"Staples Center","Los Angeles Lakers","Denver Nuggets",""
9,2019-12-23,"Rocket Mortgage FieldHouse","Cleveland Cavaliers","Atlanta Hawks",""
9,2019-12-23,"Little Caesars Arena","Detroit Pistons","Philadelphia 76ers",""
9,2019-12-23,"Bankers Life Fieldhouse","Indiana Pacers","Toronto Raptors",""
9,2019-12-23,"Madison Square Garden","New York Knicks","Washington Wizards",""
9,2019-12-23,"Amway Center","Orlando Magic","Chicago Bulls",""
9,2019-12-23,"AmericanAirlines Arena","Miami Heat","Utah Jazz",""
9,2019-12-23,"FedExForum","Memphis Grizzlies","San Antonio Spurs",""
9,2019-12-23,"Talking Stick Resort Arena","Phoenix Suns","Denver Nuggets",""
9,2019-12-23,"Moda Center","Portland Trail Blazers","New Orleans Pelicans",""
9,2019-12-23,"Golden 1 Center","Sacramento Kings","Houston Rockets",""
9,2019-12-23,"Chase Center","Golden State Warriors","Minnesota Timberwolves",""
9,2019-12-25,"Scotiabank Arena","Toronto Raptors","Boston Celtics",""
9,2019-12-25,"Wells Fargo Center","Philadelphia 76ers","Milwaukee Bucks",""
9,2019-12-25,"Chase Center","Golden State Warriors","Houston Rockets",""
9,2019-12-25,"Staples Center","Los Angeles Lakers","LA Clippers",""
9,2019-12-25,"Pepsi Center","Denver Nuggets","New Orleans Pelicans",""
10,2019-12-26,"Little Caesars Arena","Detroit Pistons","Washington Wizards",""
10,2019-12-26,"Barclays Center","Brooklyn Nets","New York Knicks",""
10,2019-12-26,"Chesapeake Energy Arena","Oklahoma City Thunder","Memphis Grizzlies",""
10,2019-12-26,"American Airlines Center","Dallas Mavericks","San Antonio Spurs",""
10,2019-12-26,"Golden 1 Center","Sacramento Kings","Minnesota Timberwolves",""
10,2019-12-26,"Vivint Smart Home Arena","Utah Jazz","Portland Trail Blazers",""
10,2019-12-27,"TD Garden","Boston Celtics","Cleveland Cavaliers",""
10,2019-12-27,"Spectrum Center","Charlotte Hornets","Oklahoma City Thunder",""
10,2019-12-27,"Amway Center","Orlando Magic","Philadelphia 76ers",""
10,2019-12-27,"State Farm Arena","Atlanta Hawks","Milwaukee Bucks",""
10,2019-12-27,"AmericanAirlines Arena","Miami Heat","Indiana Pacers",""
10,2019-12-27,"Chase Center","Golden State Warriors","Phoenix Suns",""
10,2019-12-28,"Pepsi Center","Denver Nuggets","Memphis Grizzlies",""
10,2019-12-28,"TD Garden","Boston Celtics","Toronto Raptors",""
10,2019-12-28,"Smoothie King Center","New Orleans Pelicans","Indiana Pacers",""
10,2019-12-28,"AmericanAirlines Arena","Miami Heat","Philadelphia 76ers",""
10,2019-12-28,"Capital One Arena","Washington Wizards","New York Knicks",""
10,2019-12-28,"United Center","Chicago Bulls","Atlanta Hawks",""
10,2019-12-28,"Toyota Center","Houston Rockets","Brooklyn Nets",""
10,2019-12-28,"Target Center","Minnesota Timberwolves","Cleveland Cavaliers",""
10,2019-12-28,"Fiserv Forum","Milwaukee Bucks","Orlando Magic",""
10,2019-12-28,"AT&T Center","San Antonio Spurs","Detroit Pistons",""
10,2019-12-28,"Chase Center","Golden State Warriors","Dallas Mavericks",""
10,2019-12-28,"Golden 1 Center","Sacramento Kings","Phoenix Suns",""
10,2019-12-28,"Moda Center","Portland Trail Blazers","Los Angeles Lakers",""
10,2019-12-28,"Staples Center","LA Clippers","Utah Jazz",""
10,2019-12-29,"Scotiabank Arena","Toronto Raptors","Oklahoma City Thunder",""
10,2019-12-29,"FedExForum","Memphis Grizzlies","Charlotte Hornets",""
10,2019-12-29,"Smoothie King Center","New Orleans Pelicans","Houston Rockets",""
10,2019-12-29,"Pepsi Center","Denver Nuggets","Sacramento Kings",""
10,2019-12-29,"Staples Center","Los Angeles Lakers","Dallas Mavericks",""
10,2019-12-30,"Amway Center","Orlando Magic","Atlanta Hawks",""
10,2019-12-30,"Capital One Arena","Washington Wizards","Miami Heat",""
10,2019-12-30,"United Center","Chicago Bulls","Milwaukee Bucks",""
10,2019-12-30,"Target Center","Minnesota Timberwolves","Brooklyn Nets",""
10,2019-12-30,"Vivint Smart Home Arena","Utah Jazz","Detroit Pistons",""
10,2019-12-30,"Moda Center","Portland Trail Blazers","Phoenix Suns",""
10,2019-12-31,"Spectrum Center","Charlotte Hornets","Boston Celtics",""
10,2019-12-31,"Bankers Life Fieldhouse","Indiana Pacers","Philadelphia 76ers",""
10,2019-12-31,"Golden 1 Center","Sacramento Kings","LA Clippers",""
10,2019-12-31,"Scotiabank Arena","Toronto Raptors","Cleveland Cavaliers",""
10,2019-12-31,"Toyota Center","Houston Rockets","Denver Nuggets",""
10,2019-12-31,"AT&T Center","San Antonio Spurs","Golden State Warriors",""
10,2019-12-31,"Chesapeake Energy Arena","Oklahoma City Thunder","Dallas Mavericks",""
10,2020-01-01,"Capital One Arena","Washington Wizards","Orlando Magic",""
10,2020-01-01,"Madison Square Garden","New York Knicks","Portland Trail Blazers",""
10,2020-01-01,"Fiserv Forum","Milwaukee Bucks","Minnesota Timberwolves",""
10,2020-01-01,"Staples Center","Los Angeles Lakers","Phoenix Suns",""
11,2020-01-02,"Rocket Mortgage FieldHouse","Cleveland Cavaliers","Charlotte Hornets",""
11,2020-01-02,"Bankers Life Fieldhouse","Indiana Pacers","Denver Nuggets",""
11,2020-01-02,"AmericanAirlines Arena","Miami Heat","Toronto Raptors",""
11,2020-01-02,"United Center","Chicago Bulls","Utah Jazz",""
11,2020-01-02,"Target Center","Minnesota Timberwolves","Golden State Warriors",""
11,2020-01-02,"American Airlines Center","Dallas Mavericks","Brooklyn Nets",""
11,2020-01-02,"AT&T Center","San Antonio Spurs","Oklahoma City Thunder",""
11,2020-01-02,"Golden 1 Center","Sacramento Kings","Memphis Grizzlies",""
11,2020-01-02,"Staples Center","LA Clippers","Detroit Pistons",""
11,2020-01-03,"TD Garden","Boston Celtics","Atlanta Hawks",""
11,2020-01-03,"Amway Center","Orlando Magic","Miami Heat",""
11,2020-01-03,"Capital One Arena","Washington Wizards","Portland Trail Blazers",""
11,2020-01-03,"Toyota Center","Houston Rockets","Philadelphia 76ers",""
11,2020-01-03,"Talking Stick Resort Arena","Phoenix Suns","New York Knicks",""
11,2020-01-03,"Staples Center","Los Angeles Lakers","New Orleans Pelicans",""
11,2020-01-04,"Staples Center","LA Clippers","Memphis Grizzlies",""
11,2020-01-04,"Barclays Center","Brooklyn Nets","Toronto Raptors",""
11,2020-01-04,"Amway Center","Orlando Magic","Utah Jazz",""
11,2020-01-04,"State Farm Arena","Atlanta Hawks","Indiana Pacers",""
11,2020-01-04,"Rocket Mortgage FieldHouse","Cleveland Cavaliers","Oklahoma City Thunder",""
11,2020-01-04,"Capital One Arena","Washington Wizards","Denver Nuggets",""
11,2020-01-04,"United Center","Chicago Bulls","Boston Celtics",""
11,2020-01-04,"American Airlines Center","Dallas Mavericks","Charlotte Hornets",""
11,2020-01-04,"Fiserv Forum","Milwaukee Bucks","San Antonio Spurs",""
11,2020-01-04,"Chase Center","Golden State Warriors","Detroit Pistons",""
11,2020-01-04,"Golden 1 Center","Sacramento Kings","New Orleans Pelicans",""
11,2020-01-05,"Staples Center","LA Clippers","New York Knicks",""
11,2020-01-05,"AmericanAirlines Arena","Miami Heat","Portland Trail Blazers",""
11,2020-01-05,"Rocket Mortgage FieldHouse","Cleveland Cavaliers","Minnesota Timberwolves",""
11,2020-01-05,"Talking Stick Resort Arena","Phoenix Suns","Memphis Grizzlies",""
11,2020-01-05,"Staples Center","Los Angeles Lakers","Detroit Pistons",""
11,2020-01-06,"Spectrum Center","Charlotte Hornets","Indiana Pacers",""
11,2020-01-06,"Amway Center","Orlando Magic","Brooklyn Nets",""
11,2020-01-06,"Wells Fargo Center","Philadelphia 76ers","Oklahoma City Thunder",""
11,2020-01-06,"Capital One Arena","Washington Wizards","Boston Celtics",""
11,2020-01-06,"State Farm Arena","Atlanta Hawks","Denver Nuggets",""
11,2020-01-06,"Smoothie King Center","New Orleans Pelicans","Utah Jazz",""
11,2020-01-06,"American Airlines Center","Dallas Mavericks","Chicago Bulls",""
11,2020-01-06,"AT&T Center","San Antonio Spurs","Milwaukee Bucks",""
11,2020-01-06,"Golden 1 Center","Sacramento Kings","Golden State Warriors",""
11,2020-01-07,"Rocket Mortgage FieldHouse","Cleveland Cavaliers","Detroit Pistons",""
11,2020-01-07,"Scotiabank Arena","Toronto Raptors","Portland Trail Blazers",""
11,2020-01-07,"Barclays Center","Brooklyn Nets","Oklahoma City Thunder",""
11,2020-01-07,"FedExForum","Memphis Grizzlies","Minnesota Timberwolves",""
11,2020-01-07,"Talking Stick Resort Arena","Phoenix Suns","Sacramento Kings",""
11,2020-01-07,"Staples Center","Los Angeles Lakers","New York Knicks",""
11,2020-01-08,"TD Garden","Boston Celtics","San Antonio Spurs",""
11,2020-01-08,"Spectrum Center","Charlotte Hornets","Toronto Raptors",""
11,2020-01-08,"Bankers Life Fieldhouse","Indiana Pacers","Miami Heat",""
11,2020-01-08,"Amway Center","Orlando Magic","Washington Wizards",""
11,2020-01-08,"State Farm Arena","Atlanta Hawks","Houston Rockets",""
11,2020-01-08,"American Airlines Center","Dallas Mavericks","Denver Nuggets",""
11,2020-01-08,"Smoothie King Center","New Orleans Pelicans","Chicago Bulls",""
11,2020-01-08,"Vivint Smart Home Arena","Utah Jazz","New York Knicks",""
11,2020-01-08,"Chase Center","Golden State Warriors","Milwaukee Bucks",""
12,2020-01-09,"Little Caesars Arena","Detroit Pistons","Cleveland Cavaliers",""
12,2020-01-09,"Wells Fargo Center","Philadelphia 76ers","Boston Celtics",""
12,2020-01-09,"Target Center","Minnesota Timberwolves","Portland Trail Blazers",""
12,2020-01-09,"Chesapeake Energy Arena","Oklahoma City Thunder","Houston Rockets",""
12,2020-01-10,"Capital One Arena","Washington Wizards","Atlanta Hawks",""
12,2020-01-10,"Barclays Center","Brooklyn Nets","Miami Heat",""
12,2020-01-10,"Madison Square Garden","New York Knicks","New Orleans Pelicans",""
12,2020-01-10,"United Center","Chicago Bulls","Indiana Pacers",""
12,2020-01-10,"FedExForum","Memphis Grizzlies","San Antonio Spurs",""
12,2020-01-10,"American Airlines Center","Dallas Mavericks","Los Angeles Lakers",""
12,2020-01-10,"Talking Stick Resort Arena","Phoenix Suns","Orlando Magic",""
12,2020-01-10,"Vivint Smart Home Arena","Utah Jazz","Charlotte Hornets",""
12,2020-01-10,"Golden 1 Center","Sacramento Kings","Milwaukee Bucks",""
12,2020-01-10,"Staples Center","LA Clippers","Golden State Warriors",""
12,2020-01-11,"Toyota Center","Houston Rockets","Minnesota Timberwolves",""
12,2020-01-11,"TD Garden","Boston Celtics","New Orleans Pelicans",""
12,2020-01-11,"Little Caesars Arena","Detroit Pistons","Chicago Bulls",""
12,2020-01-11,"Chesapeake Energy Arena","Oklahoma City Thunder","Los Angeles Lakers",""
12,2020-01-11,"American Airlines Center","Dallas Mavericks","Philadelphia 76ers",""
12,2020-01-11,"Pepsi Center","Denver Nuggets","Cleveland Cavaliers",""
12,2020-01-11,"Moda Center","Portland Trail Blazers","Milwaukee Bucks",""
12,2020-01-12,"Madison Square Garden","New York Knicks","Miami Heat",""
12,2020-01-12,"Capital One Arena","Washington Wizards","Utah Jazz",""
12,2020-01-12,"Barclays Center","Brooklyn Nets","Atlanta Hawks",""
12,2020-01-12,"Scotiabank Arena","Toronto Raptors","San Antonio Spurs",""
12,2020-01-12,"FedExForum","Memphis Grizzlies","Golden State Warriors",""
12,2020-01-12,"Pepsi Center","Denver Nuggets","LA Clippers",""
12,2020-01-12,"Talking Stick Resort Arena","Phoenix Suns","Charlotte Hornets",""
12,2020-01-13,"Little Caesars Arena","Detroit Pistons","New Orleans Pelicans",""
12,2020-01-13,"Bankers Life Fieldhouse","Indiana Pacers","Philadelphia 76ers",""
12,2020-01-13,"TD Garden","Boston Celtics","Chicago Bulls",""
12,2020-01-13,"Target Center","Minnesota Timberwolves","Oklahoma City Thunder",""
12,2020-01-13,"Moda Center","Portland Trail Blazers","Charlotte Hornets",""
12,2020-01-13,"Golden 1 Center","Sacramento Kings","Orlando Magic",""
12,2020-01-13,"Staples Center","Los Angeles Lakers","Cleveland Cavaliers",""
12,2020-01-14,"State Farm Arena","Atlanta Hawks","Phoenix Suns",""
12,2020-01-14,"Barclays Center","Brooklyn Nets","Utah Jazz",""
12,2020-01-14,"FedExForum","Memphis Grizzlies","Houston Rockets",""
12,2020-01-14,"Fiserv Forum","Milwaukee Bucks","New York Knicks",""
12,2020-01-14,"Chase Center","Golden State Warriors","Dallas Mavericks",""
12,2020-01-14,"Staples Center","LA Clippers","Cleveland Cavaliers",""
12,2020-01-15,"TD Garden","Boston Celtics","Detroit Pistons",""
12,2020-01-15,"Wells Fargo Center","Philadelphia 76ers","Brooklyn Nets",""
12,2020-01-15,"AmericanAirlines Arena","Miami Heat","San Antonio Spurs",""
12,2020-01-15,"United Center","Chicago Bulls","Washington Wizards",""
12,2020-01-15,"Target Center","Minnesota Timberwolves","Indiana Pacers",""
12,2020-01-15,"Chesapeake Energy Arena","Oklahoma City Thunder","Toronto Raptors",""
12,2020-01-15,"Pepsi Center","Denver Nuggets","Charlotte Hornets",""
12,2020-01-15,"Toyota Center","Houston Rockets","Portland Trail Blazers",""
12,2020-01-15,"Golden 1 Center","Sacramento Kings","Dallas Mavericks",""
12,2020-01-15,"Staples Center","Los Angeles Lakers","Orlando Magic",""
13,2020-01-16,"Madison Square Garden","New York Knicks","Phoenix Suns",""
13,2020-01-16,"Fiserv Forum","Milwaukee Bucks","Boston Celtics",""
13,2020-01-16,"Smoothie King Center","New Orleans Pelicans","Utah Jazz",""
13,2020-01-16,"Chase Center","Golden State Warriors","Denver Nuggets",""
13,2020-01-16,"Staples Center","LA Clippers","Orlando Magic",""
13,2020-01-17,"Bankers Life Fieldhouse","Indiana Pacers","Minnesota Timberwolves",""
13,2020-01-17,"Wells Fargo Center","Philadelphia 76ers","Chicago Bulls",""
13,2020-01-17,"Scotiabank Arena","Toronto Raptors","Washington Wizards",""
13,2020-01-17,"FedExForum","Memphis Grizzlies","Cleveland Cavaliers",""
13,2020-01-17,"Chesapeake Energy Arena","Oklahoma City Thunder","Miami Heat",""
13,2020-01-17,"AT&T Center","San Antonio Spurs","Atlanta Hawks",""
13,2020-01-17,"American Airlines Center","Dallas Mavericks","Portland Trail Blazers",""
13,2020-01-18,"Smoothie King Center","New Orleans Pelicans","LA Clippers",""
13,2020-01-18,"Barclays Center","Brooklyn Nets","Milwaukee Bucks",""
13,2020-01-18,"TD Garden","Boston Celtics","Phoenix Suns",""
13,2020-01-18,"State Farm Arena","Atlanta Hawks","Detroit Pistons",""
13,2020-01-18,"Madison Square Garden","New York Knicks","Philadelphia 76ers",""
13,2020-01-18,"United Center","Chicago Bulls","Cleveland Cavaliers",""
13,2020-01-18,"Target Center","Minnesota Timberwolves","Toronto Raptors",""
13,2020-01-18,"Toyota Center","Houston Rockets","Los Angeles Lakers",""
13,2020-01-18,"Chase Center","Golden State Warriors","Orlando Magic",""
13,2020-01-18,"Chesapeake Energy Arena","Oklahoma City Thunder","Portland Trail Blazers",""
13,2020-01-18,"Vivint Smart Home Arena","Utah Jazz","Sacramento Kings",""
13,2020-01-19,"AT&T Center","San Antonio Spurs","Miami Heat",""
13,2020-01-19,"Pepsi Center","Denver Nuggets","Indiana Pacers",""
13,2020-01-20,"Capital One Arena","Washington Wizards","Detroit Pistons",""
13,2020-01-20,"State Farm Arena","Atlanta Hawks","Toronto Raptors",""
13,2020-01-20,"Barclays Center","Brooklyn Nets","Philadelphia 76ers",""
13,2020-01-20,"Spectrum Center","Charlotte Hornets","Orlando Magic",""
13,2020-01-20,"Rocket Mortgage FieldHouse","Cleveland Cavaliers","New York Knicks",""
13,2020-01-20,"AmericanAirlines Arena","Miami Heat","Sacramento Kings",""
13,2020-01-20,"Toyota Center","Houston Rockets","Oklahoma City Thunder",""
13,2020-01-20,"FedExForum","Memphis Grizzlies","New Orleans Pelicans",""
13,2020-01-20,"Fiserv Forum","Milwaukee Bucks","Chicago Bulls",""
13,2020-01-20,"TD Garden","Boston Celtics","Los Angeles Lakers",""
13,2020-01-20,"Target Center","Minnesota Timberwolves","Denver Nuggets",""
13,2020-01-20,"Talking Stick Resort Arena","Phoenix Suns","San Antonio Spurs",""
13,2020-01-20,"Vivint Smart Home Arena","Utah Jazz","Indiana Pacers",""
13,2020-01-20,"Moda Center","Portland Trail Blazers","Golden State Warriors",""
13,2020-01-21,"American Airlines Center","Dallas Mavericks","LA Clippers",""
13,2020-01-22,"Little Caesars Arena","Detroit Pistons","Sacramento Kings",""
13,2020-01-22,"Amway Center","Orlando Magic","Oklahoma City Thunder",""
13,2020-01-22,"State Farm Arena","Atlanta Hawks","LA Clippers",""
13,2020-01-22,"TD Garden","Boston Celtics","Memphis Grizzlies",""
13,2020-01-22,"AmericanAirlines Arena","Miami Heat","Washington Wizards",""
13,2020-01-22,"Madison Square Garden","New York Knicks","Los Angeles Lakers",""
13,2020-01-22,"Scotiabank Arena","Toronto Raptors","Philadelphia 76ers",""
13,2020-01-22,"United Center","Chicago Bulls","Minnesota Timberwolves",""
13,2020-01-22,"Toyota Center","Houston Rockets","Denver Nuggets",""
13,2020-01-22,"Smoothie King Center","New Orleans Pelicans","San Antonio Spurs",""
13,2020-01-22,"Talking Stick Resort Arena","Phoenix Suns","Indiana Pacers",""
13,2020-01-22,"Chase Center","Golden State Warriors","Utah Jazz",""
14,2020-01-23,"Rocket Mortgage FieldHouse","Cleveland Cavaliers","Washington Wizards",""
14,2020-01-23,"Barclays Center","Brooklyn Nets","Los Angeles Lakers",""
14,2020-01-23,"Moda Center","Portland Trail Blazers","Dallas Mavericks",""
14,2020-01-24,"AccorHotels Arena","Charlotte Hornets","Milwaukee Bucks",""
14,2020-01-24,"Little Caesars Arena","Detroit Pistons","Memphis Grizzlies",""
14,2020-01-24,"Amway Center","Orlando Magic","Boston Celtics",""
14,2020-01-24,"Madison Square Garden","New York Knicks","Toronto Raptors",""
14,2020-01-24,"AmericanAirlines Arena","Miami Heat","LA Clippers",""
14,2020-01-24,"United Center","Chicago Bulls","Sacramento Kings",""
14,2020-01-24,"Target Center","Minnesota Timberwolves","Houston Rockets",""
14,2020-01-24,"Smoothie King Center","New Orleans Pelicans","Denver Nuggets",""
14,2020-01-24,"Chesapeake Energy Arena","Oklahoma City Thunder","Atlanta Hawks",""
14,2020-01-24,"AT&T Center","San Antonio Spurs","Phoenix Suns",""
14,2020-01-24,"Chase Center","Golden State Warriors","Indiana Pacers",""
14,2020-01-25,"Vivint Smart Home Arena","Utah Jazz","Dallas Mavericks",""
14,2020-01-25,"Little Caesars Arena","Detroit Pistons","Brooklyn Nets",""
14,2020-01-25,"Rocket Mortgage FieldHouse","Cleveland Cavaliers","Chicago Bulls",""
14,2020-01-25,"Target Center","Minnesota Timberwolves","Oklahoma City Thunder",""
14,2020-01-25,"Wells Fargo Center","Philadelphia 76ers","Los Angeles Lakers",""
14,2020-01-26,"Pepsi Center","Denver Nuggets","Houston Rockets",""
14,2020-01-26,"AT&T Center","San Antonio Spurs","Toronto Raptors",""
14,2020-01-26,"State Farm Arena","Atlanta Hawks","Washington Wizards",""
14,2020-01-26,"Madison Square Garden","New York Knicks","Brooklyn Nets",""
14,2020-01-26,"Amway Center","Orlando Magic","LA Clippers",""
14,2020-01-26,"FedExForum","Memphis Grizzlies","Phoenix Suns",""
14,2020-01-26,"Smoothie King Center","New Orleans Pelicans","Boston Celtics",""
14,2020-01-26,"Moda Center","Portland Trail Blazers","Indiana Pacers",""
14,2020-01-27,"Little Caesars Arena","Detroit Pistons","Cleveland Cavaliers",""
14,2020-01-27,"AmericanAirlines Arena","Miami Heat","Orlando Magic",""
14,2020-01-27,"United Center","Chicago Bulls","San Antonio Spurs",""
14,2020-01-27,"Target Center","Minnesota Timberwolves","Sacramento Kings",""
14,2020-01-27,"Chesapeake Energy Arena","Oklahoma City Thunder","Dallas Mavericks",""
14,2020-01-27,"Vivint Smart Home Arena","Utah Jazz","Houston Rockets",""
14,2020-01-28,"Spectrum Center","Charlotte Hornets","New York Knicks",""
14,2020-01-28,"Rocket Mortgage FieldHouse","Cleveland Cavaliers","New Orleans Pelicans",""
14,2020-01-28,"AmericanAirlines Arena","Miami Heat","Boston Celtics",""
14,2020-01-28,"Wells Fargo Center","Philadelphia 76ers","Golden State Warriors",""
14,2020-01-28,"Scotiabank Arena","Toronto Raptors","Atlanta Hawks",""
14,2020-01-28,"FedExForum","Memphis Grizzlies","Denver Nuggets",""
14,2020-01-28,"Fiserv Forum","Milwaukee Bucks","Washington Wizards",""
14,2020-01-28,"American Airlines Center","Dallas Mavericks","Phoenix Suns",""
14,2020-01-28,"Staples Center","Los Angeles Lakers","LA Clippers",""
14,2020-01-29,"Bankers Life Fieldhouse","Indiana Pacers","Chicago Bulls",""
14,2020-01-29,"Barclays Center","Brooklyn Nets","Detroit Pistons",""
14,2020-01-29,"Madison Square Garden","New York Knicks","Memphis Grizzlies",""
14,2020-01-29,"AT&T Center","San Antonio Spurs","Utah Jazz",""
14,2020-01-29,"Moda Center","Portland Trail Blazers","Houston Rockets",""
14,2020-01-29,"Golden 1 Center","Sacramento Kings","Oklahoma City Thunder",""
15,2020-01-30,"Rocket Mortgage FieldHouse","Cleveland Cavaliers","Toronto Raptors",""
15,2020-01-30,"Capital One Arena","Washington Wizards","Charlotte Hornets",""
15,2020-01-30,"State Farm Arena","Atlanta Hawks","Philadelphia 76ers",""
15,2020-01-30,"TD Garden","Boston Celtics","Golden State Warriors",""
15,2020-01-30,"Pepsi Center","Denver Nuggets","Utah Jazz",""
15,2020-01-30,"Staples Center","LA Clippers","Sacramento Kings",""
15,2020-01-31,"Little Caesars Arena","Detroit Pistons","Toronto Raptors",""
15,2020-01-31,"Barclays Center","Brooklyn Nets","Chicago Bulls",""
15,2020-01-31,"Toyota Center","Houston Rockets","Dallas Mavericks",""
15,2020-01-31,"Smoothie King Center","New Orleans Pelicans","Memphis Grizzlies",""
15,2020-01-31,"Fiserv Forum","Milwaukee Bucks","Denver Nuggets",""
15,2020-01-31,"Talking Stick Resort Arena","Phoenix Suns","Oklahoma City Thunder",""
15,2020-01-31,"Staples Center","Los Angeles Lakers","Portland Trail Blazers",""
15,2020-02-01,"Staples Center","LA Clippers","Minnesota Timberwolves",""
15,2020-02-01,"Bankers Life Fieldhouse","Indiana Pacers","New York Knicks",""
15,2020-02-01,"Amway Center","Orlando Magic","Miami Heat",""
15,2020-02-01,"Rocket Mortgage FieldHouse","Cleveland Cavaliers","Golden State Warriors",""
15,2020-02-01,"Capital One Arena","Washington Wizards","Brooklyn Nets",""
15,2020-02-01,"TD Garden","Boston Celtics","Philadelphia 76ers",""
15,2020-02-01,"American Airlines Center","Dallas Mavericks","Atlanta Hawks",""
15,2020-02-01,"AT&T Center","San Antonio Spurs","Charlotte Hornets",""
15,2020-02-01,"Moda Center","Portland Trail Blazers","Utah Jazz",""
15,2020-02-01,"Golden 1 Center","Sacramento Kings","Los Angeles Lakers",""
15,2020-02-02,"Little Caesars Arena","Detroit Pistons","Denver Nuggets",""
15,2020-02-02,"Toyota Center","Houston Rockets","New Orleans Pelicans",""
15,2020-02-02,"Fiserv Forum","Milwaukee Bucks","Phoenix Suns",""
15,2020-02-02,"Scotiabank Arena","Toronto Raptors","Chicago Bulls",""
15,2020-02-03,"Spectrum Center","Charlotte Hornets","Orlando Magic",""
15,2020-02-03,"Rocket Mortgage FieldHouse","Cleveland Cavaliers","New York Knicks",""
15,2020-02-03,"Bankers Life Fieldhouse","Indiana Pacers","Dallas Mavericks",""
15,2020-02-03,"Capital One Arena","Washington Wizards","Golden State Warriors",""
15,2020-02-03,"State Farm Arena","Atlanta Hawks","Boston Celtics",""
15,2020-02-03,"Barclays Center","Brooklyn Nets","Phoenix Suns",""
15,2020-02-03,"AmericanAirlines Arena","Miami Heat","Philadelphia 76ers",""
15,2020-02-03,"FedExForum","Memphis Grizzlies","Detroit Pistons",""
15,2020-02-03,"Golden 1 Center","Sacramento Kings","Minnesota Timberwolves",""
15,2020-02-03,"Staples Center","LA Clippers","San Antonio Spurs",""
15,2020-02-04,"Smoothie King Center","New Orleans Pelicans","Milwaukee Bucks",""
15,2020-02-04,"Toyota Center","Houston Rockets","Charlotte Hornets",""
15,2020-02-04,"Pepsi Center","Denver Nuggets","Portland Trail Blazers",""
15,2020-02-04,"Staples Center","Los Angeles Lakers","San Antonio Spurs",""
15,2020-02-05,"Little Caesars Arena","Detroit Pistons","Phoenix Suns",""
15,2020-02-05,"TD Garden","Boston Celtics","Orlando Magic",""
15,2020-02-05,"Barclays Center","Brooklyn Nets","Golden State Warriors",""
15,2020-02-05,"Scotiabank Arena","Toronto Raptors","Indiana Pacers",""
15,2020-02-05,"Target Center","Minnesota Timberwolves","Atlanta Hawks",""
15,2020-02-05,"Chesapeake Energy Arena","Oklahoma City Thunder","Cleveland Cavaliers",""
15,2020-02-05,"American Airlines Center","Dallas Mavericks","Memphis Grizzlies",""
15,2020-02-05,"Vivint Smart Home Arena","Utah Jazz","Denver Nuggets",""
15,2020-02-05,"Staples Center","LA Clippers","Miami Heat",""
16,2020-02-06,"Madison Square Garden","New York Knicks","Orlando Magic",""
16,2020-02-06,"United Center","Chicago Bulls","New Orleans Pelicans",""
16,2020-02-06,"Fiserv Forum","Milwaukee Bucks","Philadelphia 76ers",""
16,2020-02-06,"Moda Center","Portland Trail Blazers","San Antonio Spurs",""
16,2020-02-06,"Staples Center","Los Angeles Lakers","Houston Rockets",""
16,2020-02-07,"Wells Fargo Center","Philadelphia 76ers","Memphis Grizzlies",""
16,2020-02-07,"Capital One Arena","Washington Wizards","Dallas Mavericks",""
16,2020-02-07,"TD Garden","Boston Celtics","Atlanta Hawks",""
16,2020-02-07,"Bankers Life Fieldhouse","Indiana Pacers","Toronto Raptors",""
16,2020-02-07,"Chesapeake Energy Arena","Oklahoma City Thunder","Detroit Pistons",""
16,2020-02-07,"Talking Stick Resort Arena","Phoenix Suns","Houston Rockets",""
16,2020-02-07,"Golden 1 Center","Sacramento Kings","Miami Heat",""
16,2020-02-07,"Vivint Smart Home Arena","Utah Jazz","Portland Trail Blazers",""
16,2020-02-08,"Amway Center","Orlando Magic","Milwaukee Bucks",""
16,2020-02-08,"Spectrum Center","Charlotte Hornets","Dallas Mavericks",""
16,2020-02-08,"Little Caesars Arena","Detroit Pistons","New York Knicks",""
16,2020-02-08,"Bankers Life Fieldhouse","Indiana Pacers","New Orleans Pelicans",""
16,2020-02-08,"Scotiabank Arena","Toronto Raptors","Brooklyn Nets",""
16,2020-02-08,"Target Center","Minnesota Timberwolves","LA Clippers",""
16,2020-02-08,"Chase Center","Golden State Warriors","Los Angeles Lakers",""
16,2020-02-08,"Talking Stick Resort Arena","Phoenix Suns","Denver Nuggets",""
16,2020-02-08,"Golden 1 Center","Sacramento Kings","San Antonio Spurs",""
16,2020-02-09,"Chesapeake Energy Arena","Oklahoma City Thunder","Boston Celtics",""
16,2020-02-09,"State Farm Arena","Atlanta Hawks","New York Knicks",""
16,2020-02-09,"Wells Fargo Center","Philadelphia 76ers","Chicago Bulls",""
16,2020-02-09,"Capital One Arena","Washington Wizards","Memphis Grizzlies",""
16,2020-02-09,"Toyota Center","Houston Rockets","Utah Jazz",""
16,2020-02-09,"Rocket Mortgage FieldHouse","Cleveland Cavaliers","LA Clippers",""
16,2020-02-09,"Moda Center","Portland Trail Blazers","Miami Heat",""
16,2020-02-10,"Little Caesars Arena","Detroit Pistons","Charlotte Hornets",""
16,2020-02-10,"Bankers Life Fieldhouse","Indiana Pacers","Brooklyn Nets",""
16,2020-02-10,"Amway Center","Orlando Magic","Atlanta Hawks",""
16,2020-02-10,"Scotiabank Arena","Toronto Raptors","Minnesota Timberwolves",""
16,2020-02-10,"Fiserv Forum","Milwaukee Bucks","Sacramento Kings",""
16,2020-02-10,"American Airlines Center","Dallas Mavericks","Utah Jazz",""
16,2020-02-10,"Pepsi Center","Denver Nuggets","San Antonio Spurs",""
16,2020-02-10,"Chase Center","Golden State Warriors","Miami Heat",""
16,2020-02-10,"Staples Center","Los Angeles Lakers","Phoenix Suns",""
16,2020-02-11,"Wells Fargo Center","Philadelphia 76ers","LA Clippers",""
16,2020-02-11,"Capital One Arena","Washington Wizards","Chicago Bulls",""
16,2020-02-11,"Smoothie King Center","New Orleans Pelicans","Portland Trail Blazers",""
16,2020-02-11,"Chesapeake Energy Arena","Oklahoma City Thunder","San Antonio Spurs",""
16,2020-02-11,"Toyota Center","Houston Rockets","Boston Celtics",""
16,2020-02-12,"Rocket Mortgage FieldHouse","Cleveland Cavaliers","Atlanta Hawks",""
16,2020-02-12,"Amway Center","Orlando Magic","Detroit Pistons",""
16,2020-02-12,"Barclays Center","Brooklyn Nets","Toronto Raptors",""
16,2020-02-12,"Bankers Life Fieldhouse","Indiana Pacers","Milwaukee Bucks",""
16,2020-02-12,"Madison Square Garden","New York Knicks","Washington Wizards",""
16,2020-02-12,"FedExForum","Memphis Grizzlies","Portland Trail Blazers",""
16,2020-02-12,"Target Center","Minnesota Timberwolves","Charlotte Hornets",""
16,2020-02-12,"American Airlines Center","Dallas Mavericks","Sacramento Kings",""
16,2020-02-12,"Talking Stick Resort Arena","Phoenix Suns","Golden State Warriors",""
16,2020-02-12,"Vivint Smart Home Arena","Utah Jazz","Miami Heat",""
16,2020-02-12,"Pepsi Center","Denver Nuggets","Los Angeles Lakers",""
16,2020-02-13,"TD Garden","Boston Celtics","LA Clippers",""
16,2020-02-13,"Smoothie King Center","New Orleans Pelicans","Oklahoma City Thunder",""
17,2020-02-20,"Little Caesars Arena","Detroit Pistons","Milwaukee Bucks",""
17,2020-02-20,"State Farm Arena","Atlanta Hawks","Miami Heat",""
17,2020-02-20,"Wells Fargo Center","Philadelphia 76ers","Brooklyn Nets",""
17,2020-02-20,"United Center","Chicago Bulls","Charlotte Hornets",""
17,2020-02-20,"Golden 1 Center","Sacramento Kings","Memphis Grizzlies",""
17,2020-02-20,"Chase Center","Golden State Warriors","Houston Rockets",""
17,2020-02-21,"Amway Center","Orlando Magic","Dallas Mavericks",""
17,2020-02-21,"Capital One Arena","Washington Wizards","Cleveland Cavaliers",""
17,2020-02-21,"Madison Square Garden","New York Knicks","Indiana Pacers",""
17,2020-02-21,"Scotiabank Arena","Toronto Raptors","Phoenix Suns",""
17,2020-02-21,"Target Center","Minnesota Timberwolves","Boston Celtics",""
17,2020-02-21,"Chesapeake Energy Arena","Oklahoma City Thunder","Denver Nuggets",""
17,2020-02-21,"Vivint Smart Home Arena","Utah Jazz","San Antonio Spurs",""
17,2020-02-21,"Staples Center","Los Angeles Lakers","Memphis Grizzlies",""
17,2020-02-21,"Moda Center","Portland Trail Blazers","New Orleans Pelicans",""
17,2020-02-22,"Staples Center","LA Clippers","Sacramento Kings",""
17,2020-02-22,"Spectrum Center","Charlotte Hornets","Brooklyn Nets",""
17,2020-02-22,"State Farm Arena","Atlanta Hawks","Dallas Mavericks",""
17,2020-02-22,"AmericanAirlines Arena","Miami Heat","Cleveland Cavaliers",""
17,2020-02-22,"United Center","Chicago Bulls","Phoenix Suns",""
17,2020-02-22,"Fiserv Forum","Milwaukee Bucks","Philadelphia 76ers",""
17,2020-02-22,"Vivint Smart Home Arena","Utah Jazz","Houston Rockets",""
17,2020-02-23,"Staples Center","Los Angeles Lakers","Boston Celtics",""
17,2020-02-23,"Scotiabank Arena","Toronto Raptors","Indiana Pacers",""
17,2020-02-23,"Pepsi Center","Denver Nuggets","Minnesota Timberwolves",""
17,2020-02-23,"United Center","Chicago Bulls","Washington Wizards",""
17,2020-02-23,"Chesapeake Energy Arena","Oklahoma City Thunder","San Antonio Spurs",""
17,2020-02-23,"Chase Center","Golden State Warriors","New Orleans Pelicans",""
17,2020-02-23,"Moda Center","Portland Trail Blazers","Detroit Pistons",""
17,2020-02-24,"Rocket Mortgage FieldHouse","Cleveland Cavaliers","Miami Heat",""
17,2020-02-24,"Wells Fargo Center","Philadelphia 76ers","Atlanta Hawks",""
17,2020-02-24,"Capital One Arena","Washington Wizards","Milwaukee Bucks",""
17,2020-02-24,"Barclays Center","Brooklyn Nets","Orlando Magic",""
17,2020-02-24,"Toyota Center","Houston Rockets","New York Knicks",""
17,2020-02-24,"American Airlines Center","Dallas Mavericks","Minnesota Timberwolves",""
17,2020-02-24,"Vivint Smart Home Arena","Utah Jazz","Phoenix Suns",""
17,2020-02-24,"Staples Center","LA Clippers","Memphis Grizzlies",""
17,2020-02-25,"Bankers Life Fieldhouse","Indiana Pacers","Charlotte Hornets",""
17,2020-02-25,"Scotiabank Arena","Toronto Raptors","Milwaukee Bucks",""
17,2020-02-25,"United Center","Chicago Bulls","Oklahoma City Thunder",""
17,2020-02-25,"Pepsi Center","Denver Nuggets","Detroit Pistons",""
17,2020-02-25,"Staples Center","Los Angeles Lakers","New Orleans Pelicans",""
17,2020-02-25,"Moda Center","Portland Trail Blazers","Boston Celtics",""
17,2020-02-25,"Chase Center","Golden State Warriors","Sacramento Kings",""
17,2020-02-26,"Spectrum Center","Charlotte Hornets","New York Knicks",""
17,2020-02-26,"Rocket Mortgage FieldHouse","Cleveland Cavaliers","Philadelphia 76ers",""
17,2020-02-26,"Capital One Arena","Washington Wizards","Brooklyn Nets",""
17,2020-02-26,"State Farm Arena","Atlanta Hawks","Orlando Magic",""
17,2020-02-26,"AmericanAirlines Arena","Miami Heat","Minnesota Timberwolves",""
17,2020-02-26,"AT&T Center","San Antonio Spurs","Dallas Mavericks",""
17,2020-02-26,"Toyota Center","Houston Rockets","Memphis Grizzlies",""
17,2020-02-26,"Talking Stick Resort Arena","Phoenix Suns","LA Clippers",""
17,2020-02-26,"Vivint Smart Home Arena","Utah Jazz","Boston Celtics",""
18,2020-02-27,"Wells Fargo Center","Philadelphia 76ers","New York Knicks",""
18,2020-02-27,"Bankers Life Fieldhouse","Indiana Pacers","Portland Trail Blazers",""
18,2020-02-27,"Chesapeake Energy Arena","Oklahoma City Thunder","Sacramento Kings",""
18,2020-02-27,"Chase Center","Golden State Warriors","Los Angeles Lakers",""
18,2020-02-28,"Amway Center","Orlando Magic","Minnesota Timberwolves",""
18,2020-02-28,"State Farm Arena","Atlanta Hawks","Brooklyn Nets",""
18,2020-02-28,"Scotiabank Arena","Toronto Raptors","Charlotte Hornets",""
18,2020-02-28,"AmericanAirlines Arena","Miami Heat","Dallas Mavericks",""
18,2020-02-28,"FedExForum","Memphis Grizzlies","Sacramento Kings",""
18,2020-02-28,"Fiserv Forum","Milwaukee Bucks","Oklahoma City Thunder",""
18,2020-02-28,"Smoothie King Center","New Orleans Pelicans","Cleveland Cavaliers",""
18,2020-02-28,"Talking Stick Resort Arena","Phoenix Suns","Detroit Pistons",""
18,2020-02-28,"Vivint Smart Home Arena","Utah Jazz","Washington Wizards",""
18,2020-02-28,"Staples Center","LA Clippers","Denver Nuggets",""
18,2020-02-29,"Madison Square Garden","New York Knicks","Chicago Bulls",""
18,2020-02-29,"State Farm Arena","Atlanta Hawks","Portland Trail Blazers",""
18,2020-02-29,"AmericanAirlines Arena","Miami Heat","Brooklyn Nets",""
18,2020-02-29,"Rocket Mortgage FieldHouse","Cleveland Cavaliers","Indiana Pacers",""
18,2020-02-29,"FedExForum","Memphis Grizzlies","Los Angeles Lakers",""
18,2020-02-29,"TD Garden","Boston Celtics","Houston Rockets",""
18,2020-02-29,"AT&T Center","San Antonio Spurs","Orlando Magic",""
18,2020-02-29,"Talking Stick Resort Arena","Phoenix Suns","Golden State Warriors",""
18,2020-03-01,"Spectrum Center","Charlotte Hornets","Milwaukee Bucks",""
18,2020-03-01,"Target Center","Minnesota Timberwolves","Dallas Mavericks",""
18,2020-03-01,"Staples Center","LA Clippers","Philadelphia 76ers",""
18,2020-03-01,"Pepsi Center","Denver Nuggets","Toronto Raptors",""
18,2020-03-01,"Golden 1 Center","Sacramento Kings","Detroit Pistons",""
18,2020-03-01,"Smoothie King Center","New Orleans Pelicans","Los Angeles Lakers",""
18,2020-03-01,"Chase Center","Golden State Warriors","Washington Wizards",""
18,2020-03-02,"Rocket Mortgage FieldHouse","Cleveland Cavaliers","Utah Jazz",""
18,2020-03-02,"Madison Square Garden","New York Knicks","Houston Rockets",""
18,2020-03-02,"Amway Center","Orlando Magic","Portland Trail Blazers",""
18,2020-03-02,"State Farm Arena","Atlanta Hawks","Memphis Grizzlies",""
18,2020-03-02,"AmericanAirlines Arena","Miami Heat","Milwaukee Bucks",""
18,2020-03-02,"United Center","Chicago Bulls","Dallas Mavericks",""
18,2020-03-02,"AT&T Center","San Antonio Spurs","Indiana Pacers",""
18,2020-03-03,"Spectrum Center","Charlotte Hornets","San Antonio Spurs",""
18,2020-03-03,"TD Garden","Boston Celtics","Brooklyn Nets",""
18,2020-03-03,"Smoothie King Center","New Orleans Pelicans","Minnesota Timberwolves",""
18,2020-03-03,"Chesapeake Energy Arena","Oklahoma City Thunder","LA Clippers",""
18,2020-03-03,"Pepsi Center","Denver Nuggets","Golden State Warriors",""
18,2020-03-03,"Talking Stick Resort Arena","Phoenix Suns","Toronto Raptors",""
18,2020-03-03,"Staples Center","Los Angeles Lakers","Philadelphia 76ers",""
18,2020-03-03,"Golden 1 Center","Sacramento Kings","Washington Wizards",""
18,2020-03-04,"Rocket Mortgage FieldHouse","Cleveland Cavaliers","Boston Celtics",""
18,2020-03-04,"Little Caesars Arena","Detroit Pistons","Oklahoma City Thunder",""
18,2020-03-04,"AmericanAirlines Arena","Miami Heat","Orlando Magic",""
18,2020-03-04,"Barclays Center","Brooklyn Nets","Memphis Grizzlies",""
18,2020-03-04,"Madison Square Garden","New York Knicks","Utah Jazz",""
18,2020-03-04,"Target Center","Minnesota Timberwolves","Chicago Bulls",""
18,2020-03-04,"American Airlines Center","Dallas Mavericks","New Orleans Pelicans",""
18,2020-03-04,"Fiserv Forum","Milwaukee Bucks","Indiana Pacers",""
18,2020-03-04,"Moda Center","Portland Trail Blazers","Washington Wizards",""
19,2020-03-05,"Spectrum Center","Charlotte Hornets","Denver Nuggets",""
19,2020-03-05,"Toyota Center","Houston Rockets","LA Clippers",""
19,2020-03-05,"Golden 1 Center","Sacramento Kings","Philadelphia 76ers",""
19,2020-03-05,"Chase Center","Golden State Warriors","Toronto Raptors",""
19,2020-03-06,"Capital One Arena","Washington Wizards","Atlanta Hawks",""
19,2020-03-06,"Barclays Center","Brooklyn Nets","San Antonio Spurs",""
19,2020-03-06,"Madison Square Garden","New York Knicks","Oklahoma City Thunder",""
19,2020-03-06,"TD Garden","Boston Celtics","Utah Jazz",""
19,2020-03-06,"United Center","Chicago Bulls","Indiana Pacers",""
19,2020-03-06,"Target Center","Minnesota Timberwolves","Orlando Magic",""
19,2020-03-06,"Smoothie King Center","New Orleans Pelicans","Miami Heat",""
19,2020-03-06,"American Airlines Center","Dallas Mavericks","Memphis Grizzlies",""
19,2020-03-06,"Talking Stick Resort Arena","Phoenix Suns","Portland Trail Blazers",""
19,2020-03-06,"Staples Center","Los Angeles Lakers","Milwaukee Bucks",""
19,2020-03-07,"Spectrum Center","Charlotte Hornets","Houston Rockets",""
19,2020-03-07,"Little Caesars Arena","Detroit Pistons","Utah Jazz",""
19,2020-03-07,"Rocket Mortgage FieldHouse","Cleveland Cavaliers","Denver Nuggets",""
19,2020-03-07,"FedExForum","Memphis Grizzlies","Atlanta Hawks",""
19,2020-03-07,"Chase Center","Golden State Warriors","Philadelphia 76ers",""
19,2020-03-07,"Moda Center","Portland Trail Blazers","Sacramento Kings",""
19,2020-03-08,"Barclays Center","Brooklyn Nets","Chicago Bulls",""
19,2020-03-08,"Target Center","Minnesota Timberwolves","New Orleans Pelicans",""
19,2020-03-08,"Staples Center","LA Clippers","Los Angeles Lakers",""
19,2020-03-08,"TD Garden","Boston Celtics","Oklahoma City Thunder",""
19,2020-03-08,"Talking Stick Resort Arena","Phoenix Suns","Milwaukee Bucks",""
19,2020-03-08,"Capital One Arena","Washington Wizards","Miami Heat",""
19,2020-03-08,"American Airlines Center","Dallas Mavericks","Indiana Pacers",""
19,2020-03-08,"Toyota Center","Houston Rockets","Orlando Magic",""
19,2020-03-08,"Rocket Mortgage FieldHouse","Cleveland Cavaliers","San Antonio Spurs",""
19,2020-03-08,"Madison Square Garden","New York Knicks","Detroit Pistons",""
19,2020-03-08,"Golden 1 Center","Sacramento Kings","Toronto Raptors",""
19,2020-03-09,"State Farm Arena","Atlanta Hawks","Charlotte Hornets",""
19,2020-03-09,"Pepsi Center","Denver Nuggets","Milwaukee Bucks",""
19,2020-03-09,"Vivint Smart Home Arena","Utah Jazz","Toronto Raptors",""
19,2020-03-10,"Bankers Life Fieldhouse","Indiana Pacers","Boston Celtics",""
19,2020-03-10,"Capital One Arena","Washington Wizards","New York Knicks",""
19,2020-03-10,"United Center","Chicago Bulls","Cleveland Cavaliers",""
19,2020-03-10,"Toyota Center","Houston Rockets","Minnesota Timberwolves",""
19,2020-03-10,"FedExForum","Memphis Grizzlies","Orlando Magic",""
19,2020-03-10,"AT&T Center","San Antonio Spurs","Dallas Mavericks",""
19,2020-03-10,"Moda Center","Portland Trail Blazers","Phoenix Suns",""
19,2020-03-10,"Chase Center","Golden State Warriors","LA Clippers",""
19,2020-03-10,"Staples Center","Los Angeles Lakers","Brooklyn Nets",""
19,2020-03-11,"State Farm Arena","Atlanta Hawks","New York Knicks",""
19,2020-03-11,"AmericanAirlines Arena","Miami Heat","Charlotte Hornets",""
19,2020-03-11,"Wells Fargo Center","Philadelphia 76ers","Detroit Pistons",""
19,2020-03-11,"Chesapeake Energy Arena","Oklahoma City Thunder","Utah Jazz",""
19,2020-03-11,"American Airlines Center","Dallas Mavericks","Denver Nuggets",""
19,2020-03-11,"Golden 1 Center","Sacramento Kings","New Orleans Pelicans",""
19,2020-03-12,"Amway Center","Orlando Magic","Chicago Bulls",""
20,2020-03-12,"Fiserv Forum","Milwaukee Bucks","Boston Celtics",""
20,2020-03-12,"Moda Center","Portland Trail Blazers","Memphis Grizzlies",""
20,2020-03-12,"Chase Center","Golden State Warriors","Brooklyn Nets",""
20,2020-03-12,"Staples Center","Los Angeles Lakers","Houston Rockets",""
20,2020-03-13,"Spectrum Center","Charlotte Hornets","Cleveland Cavaliers",""
20,2020-03-13,"TD Garden","Boston Celtics","Washington Wizards",""
20,2020-03-13,"AmericanAirlines Arena","Miami Heat","New York Knicks",""
20,2020-03-13,"Chesapeake Energy Arena","Oklahoma City Thunder","Minnesota Timberwolves",""
20,2020-03-13,"AT&T Center","San Antonio Spurs","Denver Nuggets",""
20,2020-03-13,"Vivint Smart Home Arena","Utah Jazz","New Orleans Pelicans",""
20,2020-03-13,"Staples Center","LA Clippers","Brooklyn Nets",""
20,2020-03-14,"American Airlines Center","Dallas Mavericks","Phoenix Suns",""
20,2020-03-14,"State Farm Arena","Atlanta Hawks","Cleveland Cavaliers",""
20,2020-03-14,"Wells Fargo Center","Philadelphia 76ers","Indiana Pacers",""
20,2020-03-14,"Scotiabank Arena","Toronto Raptors","Detroit Pistons",""
20,2020-03-14,"AmericanAirlines Arena","Miami Heat","Chicago Bulls",""
20,2020-03-14,"Fiserv Forum","Milwaukee Bucks","Golden State Warriors",""
20,2020-03-14,"AT&T Center","San Antonio Spurs","Minnesota Timberwolves",""
20,2020-03-14,"Vivint Smart Home Arena","Utah Jazz","Memphis Grizzlies",""
20,2020-03-14,"Staples Center","LA Clippers","New Orleans Pelicans",""
20,2020-03-15,"Moda Center","Portland Trail Blazers","Houston Rockets",""
20,2020-03-15,"Amway Center","Orlando Magic","Charlotte Hornets",""
20,2020-03-15,"Capital One Arena","Washington Wizards","Oklahoma City Thunder",""
20,2020-03-15,"United Center","Chicago Bulls","Boston Celtics",""
20,2020-03-15,"Staples Center","Los Angeles Lakers","Denver Nuggets",""
20,2020-03-15,"Golden 1 Center","Sacramento Kings","Brooklyn Nets",""
20,2020-03-16,"Wells Fargo Center","Philadelphia 76ers","Washington Wizards",""
20,2020-03-16,"Scotiabank Arena","Toronto Raptors","Golden State Warriors",""
20,2020-03-16,"Fiserv Forum","Milwaukee Bucks","Miami Heat",""
20,2020-03-16,"Smoothie King Center","New Orleans Pelicans","Atlanta Hawks",""
20,2020-03-16,"AT&T Center","San Antonio Spurs","Memphis Grizzlies",""
20,2020-03-16,"Vivint Smart Home Arena","Utah Jazz","Los Angeles Lakers",""
20,2020-03-16,"Staples Center","LA Clippers","Dallas Mavericks",""
20,2020-03-17,"Little Caesars Arena","Detroit Pistons","Orlando Magic",""
20,2020-03-17,"Madison Square Garden","New York Knicks","Charlotte Hornets",""
20,2020-03-17,"Toyota Center","Houston Rockets","Cleveland Cavaliers",""
20,2020-03-17,"FedExForum","Memphis Grizzlies","Oklahoma City Thunder",""
20,2020-03-17,"Moda Center","Portland Trail Blazers","Minnesota Timberwolves",""
20,2020-03-17,"Golden 1 Center","Sacramento Kings","Dallas Mavericks",""
20,2020-03-18,"Wells Fargo Center","Philadelphia 76ers","Toronto Raptors",""
20,2020-03-18,"State Farm Arena","Atlanta Hawks","Oklahoma City Thunder",""
20,2020-03-18,"TD Garden","Boston Celtics","New York Knicks",""
20,2020-03-18,"Barclays Center","Brooklyn Nets","Washington Wizards",""
20,2020-03-18,"Bankers Life Fieldhouse","Indiana Pacers","Golden State Warriors",""
20,2020-03-18,"United Center","Chicago Bulls","Miami Heat",""
20,2020-03-18,"Smoothie King Center","New Orleans Pelicans","San Antonio Spurs",""
20,2020-03-18,"Pepsi Center","Denver Nuggets","LA Clippers",""
20,2020-03-18,"Staples Center","Los Angeles Lakers","Utah Jazz",""
20,2020-03-18,"Talking Stick Resort Arena","Phoenix Suns","Minnesota Timberwolves",""
20,2020-03-19,"Spectrum Center","Charlotte Hornets","Philadelphia 76ers",""
20,2020-03-19,"Amway Center","Orlando Magic","Cleveland Cavaliers",""
21,2020-03-19,"Toyota Center","Houston Rockets","Sacramento Kings",""
21,2020-03-19,"Fiserv Forum","Milwaukee Bucks","Memphis Grizzlies",""
21,2020-03-19,"Moda Center","Portland Trail Blazers","Dallas Mavericks",""
21,2020-03-20,"Little Caesars Arena","Detroit Pistons","Golden State Warriors",""
21,2020-03-20,"Bankers Life Fieldhouse","Indiana Pacers","Miami Heat",""
21,2020-03-20,"State Farm Arena","Atlanta Hawks","Washington Wizards",""
21,2020-03-20,"Scotiabank Arena","Toronto Raptors","Boston Celtics",""
21,2020-03-20,"Chesapeake Energy Arena","Oklahoma City Thunder","Denver Nuggets",""
21,2020-03-20,"AT&T Center","San Antonio Spurs","Chicago Bulls",""
21,2020-03-20,"Vivint Smart Home Arena","Utah Jazz","Minnesota Timberwolves",""
21,2020-03-20,"Staples Center","LA Clippers","Phoenix Suns",""
21,2020-03-21,"Barclays Center","Brooklyn Nets","Boston Celtics",""
21,2020-03-21,"Spectrum Center","Charlotte Hornets","Los Angeles Lakers",""
21,2020-03-21,"Bankers Life Fieldhouse","Indiana Pacers","Cleveland Cavaliers",""
21,2020-03-21,"Amway Center","Orlando Magic","Sacramento Kings",""
21,2020-03-21,"Wells Fargo Center","Philadelphia 76ers","Atlanta Hawks",""
21,2020-03-21,"Madison Square Garden","New York Knicks","Golden State Warriors",""
21,2020-03-21,"Capital One Arena","Washington Wizards","Milwaukee Bucks",""
21,2020-03-21,"Toyota Center","Houston Rockets","Chicago Bulls",""
21,2020-03-21,"FedExForum","Memphis Grizzlies","New Orleans Pelicans",""
21,2020-03-21,"Talking Stick Resort Arena","Phoenix Suns","Dallas Mavericks",""
21,2020-03-22,"Little Caesars Arena","Detroit Pistons","Los Angeles Lakers",""
21,2020-03-22,"Scotiabank Arena","Toronto Raptors","Denver Nuggets",""
21,2020-03-22,"Target Center","Minnesota Timberwolves","Portland Trail Blazers",""
21,2020-03-22,"Smoothie King Center","New Orleans Pelicans","Sacramento Kings",""
21,2020-03-22,"AT&T Center","San Antonio Spurs","Utah Jazz",""
21,2020-03-23,"Bankers Life Fieldhouse","Indiana Pacers","Phoenix Suns",""
21,2020-03-23,"Madison Square Garden","New York Knicks","LA Clippers",""
21,2020-03-23,"Capital One Arena","Washington Wizards","Boston Celtics",""
21,2020-03-23,"Barclays Center","Brooklyn Nets","Orlando Magic",""
21,2020-03-23,"AmericanAirlines Arena","Miami Heat","Oklahoma City Thunder",""
21,2020-03-23,"United Center","Chicago Bulls","Denver Nuggets",""
21,2020-03-23,"Fiserv Forum","Milwaukee Bucks","Detroit Pistons",""
21,2020-03-23,"American Airlines Center","Dallas Mavericks","Houston Rockets",""
21,2020-03-24,"Spectrum Center","Charlotte Hornets","Portland Trail Blazers",""
21,2020-03-24,"Rocket Mortgage FieldHouse","Cleveland Cavaliers","Sacramento Kings",""
21,2020-03-24,"Scotiabank Arena","Toronto Raptors","Los Angeles Lakers",""
21,2020-03-24,"Target Center","Minnesota Timberwolves","Philadelphia 76ers",""
21,2020-03-24,"Smoothie King Center","New Orleans Pelicans","Memphis Grizzlies",""
21,2020-03-24,"Vivint Smart Home Arena","Utah Jazz","San Antonio Spurs",""
21,2020-03-25,"Barclays Center","Brooklyn Nets","LA Clippers",""
21,2020-03-25,"Little Caesars Arena","Detroit Pistons","Portland Trail Blazers",""
21,2020-03-25,"Amway Center","Orlando Magic","Indiana Pacers",""
21,2020-03-25,"Capital One Arena","Washington Wizards","Phoenix Suns",""
21,2020-03-25,"AmericanAirlines Arena","Miami Heat","Denver Nuggets",""
21,2020-03-25,"Madison Square Garden","New York Knicks","Toronto Raptors",""
21,2020-03-25,"FedExForum","Memphis Grizzlies","Boston Celtics",""
21,2020-03-25,"Fiserv Forum","Milwaukee Bucks","Houston Rockets",""
21,2020-03-25,"Chase Center","Golden State Warriors","Atlanta Hawks",""
21,2020-03-26,"Rocket Mortgage FieldHouse","Cleveland Cavaliers","Los Angeles Lakers",""
22,2020-03-26,"United Center","Chicago Bulls","Philadelphia 76ers",""
22,2020-03-26,"Target Center","Minnesota Timberwolves","San Antonio Spurs",""
22,2020-03-26,"Chesapeake Energy Arena","Oklahoma City Thunder","Charlotte Hornets",""
22,2020-03-26,"American Airlines Center","Dallas Mavericks","Utah Jazz",""
22,2020-03-26,"Golden 1 Center","Sacramento Kings","Atlanta Hawks",""
22,2020-03-27,"Little Caesars Arena","Detroit Pistons","LA Clippers",""
22,2020-03-27,"Bankers Life Fieldhouse","Indiana Pacers","Houston Rockets",""
22,2020-03-27,"Amway Center","Orlando Magic","Brooklyn Nets",""
22,2020-03-27,"Wells Fargo Center","Philadelphia 76ers","Phoenix Suns",""
22,2020-03-27,"TD Garden","Boston Celtics","Portland Trail Blazers",""
22,2020-03-27,"Smoothie King Center","New Orleans Pelicans","New York Knicks",""
22,2020-03-27,"Fiserv Forum","Milwaukee Bucks","Washington Wizards",""
22,2020-03-27,"Pepsi Center","Denver Nuggets","San Antonio Spurs",""
22,2020-03-28,"Barclays Center","Brooklyn Nets","Cleveland Cavaliers",""
22,2020-03-28,"Spectrum Center","Charlotte Hornets","LA Clippers",""
22,2020-03-28,"AmericanAirlines Arena","Miami Heat","Phoenix Suns",""
22,2020-03-28,"Capital One Arena","Washington Wizards","Los Angeles Lakers",""
22,2020-03-28,"United Center","Chicago Bulls","New York Knicks",""
22,2020-03-28,"FedExForum","Memphis Grizzlies","Toronto Raptors",""
22,2020-03-28,"Chase Center","Golden State Warriors","Oklahoma City Thunder",""
22,2020-03-28,"Vivint Smart Home Arena","Utah Jazz","Atlanta Hawks",""
22,2020-03-29,"American Airlines Center","Dallas Mavericks","Milwaukee Bucks",""
22,2020-03-29,"Little Caesars Arena","Detroit Pistons","Houston Rockets",""
22,2020-03-29,"TD Garden","Boston Celtics","Minnesota Timberwolves",""
22,2020-03-29,"Amway Center","Orlando Magic","New Orleans Pelicans",""
22,2020-03-29,"Wells Fargo Center","Philadelphia 76ers","Portland Trail Blazers",""
22,2020-03-29,"Chase Center","Golden State Warriors","San Antonio Spurs",""
22,2020-03-29,"Golden 1 Center","Sacramento Kings","Indiana Pacers",""
22,2020-03-30,"Spectrum Center","Charlotte Hornets","Miami Heat",""
22,2020-03-30,"Rocket Mortgage FieldHouse","Cleveland Cavaliers","Phoenix Suns",""
22,2020-03-30,"Barclays Center","Brooklyn Nets","Portland Trail Blazers",""
22,2020-03-30,"Scotiabank Arena","Toronto Raptors","Memphis Grizzlies",""
22,2020-03-30,"Target Center","Minnesota Timberwolves","Los Angeles Lakers",""
22,2020-03-30,"Pepsi Center","Denver Nuggets","Oklahoma City Thunder",""
22,2020-03-30,"Vivint Smart Home Arena","Utah Jazz","Chicago Bulls",""
22,2020-03-30,"Staples Center","LA Clippers","Indiana Pacers",""
22,2020-03-31,"State Farm Arena","Atlanta Hawks","New Orleans Pelicans",""
22,2020-03-31,"Wells Fargo Center","Philadelphia 76ers","Houston Rockets",""
22,2020-03-31,"Chase Center","Golden State Warriors","Denver Nuggets",""
22,2020-03-31,"Golden 1 Center","Sacramento Kings","San Antonio Spurs",""
22,2020-04-01,"Amway Center","Orlando Magic","Charlotte Hornets",""
22,2020-04-01,"Capital One Arena","Washington Wizards","New Orleans Pelicans",""
22,2020-04-01,"TD Garden","Boston Celtics","Miami Heat",""
22,2020-04-01,"Barclays Center","Brooklyn Nets","Detroit Pistons",""
22,2020-04-01,"FedExForum","Memphis Grizzlies","New York Knicks",""
22,2020-04-01,"Target Center","Minnesota Timberwolves","Dallas Mavericks",""
22,2020-04-01,"Chesapeake Energy Arena","Oklahoma City Thunder","Phoenix Suns",""
22,2020-04-01,"Fiserv Forum","Milwaukee Bucks","Toronto Raptors",""
22,2020-04-01,"Vivint Smart Home Arena","Utah Jazz","Cleveland Cavaliers",""
22,2020-04-01,"Staples Center","Los Angeles Lakers","Indiana Pacers",""
23,2020-04-02,"Toyota Center","Houston Rockets","Golden State Warriors",""
23,2020-04-02,"Golden 1 Center","Sacramento Kings","LA Clippers",""
23,2020-04-02,"Moda Center","Portland Trail Blazers","Utah Jazz",""
23,2020-04-03,"Little Caesars Arena","Detroit Pistons","Miami Heat",""
23,2020-04-03,"Bankers Life Fieldhouse","Indiana Pacers","Brooklyn Nets",""
23,2020-04-03,"Capital One Arena","Washington Wizards","Philadelphia 76ers",""
23,2020-04-03,"State Farm Arena","Atlanta Hawks","Charlotte Hornets",""
23,2020-04-03,"TD Garden","Boston Celtics","Orlando Magic",""
23,2020-04-03,"Madison Square Garden","New York Knicks","Minnesota Timberwolves",""
23,2020-04-03,"Scotiabank Arena","Toronto Raptors","Milwaukee Bucks",""
23,2020-04-03,"FedExForum","Memphis Grizzlies","Dallas Mavericks",""
23,2020-04-03,"AT&T Center","San Antonio Spurs","Golden State Warriors",""
23,2020-04-03,"Pepsi Center","Denver Nuggets","Chicago Bulls",""
23,2020-04-03,"Talking Stick Resort Arena","Phoenix Suns","Cleveland Cavaliers",""
23,2020-04-04,"Staples Center","LA Clippers","Oklahoma City Thunder",""
23,2020-04-04,"Golden 1 Center","Sacramento Kings","Los Angeles Lakers",""
23,2020-04-05,"Spectrum Center","Charlotte Hornets","Atlanta Hawks",""
23,2020-04-05,"Wells Fargo Center","Philadelphia 76ers","Orlando Magic",""
23,2020-04-05,"TD Garden","Boston Celtics","Milwaukee Bucks",""
23,2020-04-05,"Bankers Life Fieldhouse","Indiana Pacers","Washington Wizards",""
23,2020-04-05,"Madison Square Garden","New York Knicks","Miami Heat",""
23,2020-04-05,"Barclays Center","Brooklyn Nets","Dallas Mavericks",""
23,2020-04-05,"Pepsi Center","Denver Nuggets","Utah Jazz",""
23,2020-04-05,"Talking Stick Resort Arena","Phoenix Suns","Chicago Bulls",""
23,2020-04-05,"Toyota Center","Houston Rockets","Toronto Raptors",""
23,2020-04-05,"Target Center","Minnesota Timberwolves","Detroit Pistons",""
23,2020-04-05,"AT&T Center","San Antonio Spurs","New Orleans Pelicans",""
23,2020-04-05,"Moda Center","Portland Trail Blazers","Memphis Grizzlies",""
23,2020-04-05,"Golden 1 Center","Sacramento Kings","Cleveland Cavaliers",""
23,2020-04-05,"Staples Center","Los Angeles Lakers","Oklahoma City Thunder",""
23,2020-04-07,"Capital One Arena","Washington Wizards","Toronto Raptors",""
23,2020-04-07,"State Farm Arena","Atlanta Hawks","Detroit Pistons",""
23,2020-04-07,"AmericanAirlines Arena","Miami Heat","Indiana Pacers",""
23,2020-04-07,"Wells Fargo Center","Philadelphia 76ers","Milwaukee Bucks",""
23,2020-04-07,"Target Center","Minnesota Timberwolves","Phoenix Suns",""
23,2020-04-07,"Smoothie King Center","New Orleans Pelicans","Charlotte Hornets",""
23,2020-04-07,"Chesapeake Energy Arena","Oklahoma City Thunder","Brooklyn Nets",""
23,2020-04-07,"American Airlines Center","Dallas Mavericks","Houston Rockets",""
23,2020-04-07,"AT&T Center","San Antonio Spurs","Sacramento Kings",""
23,2020-04-07,"Pepsi Center","Denver Nuggets","Memphis Grizzlies",""
23,2020-04-07,"Vivint Smart Home Arena","Utah Jazz","LA Clippers",""
23,2020-04-07,"Moda Center","Portland Trail Blazers","Cleveland Cavaliers",""
23,2020-04-07,"Staples Center","Los Angeles Lakers","Chicago Bulls",""
23,2020-04-08,"TD Garden","Boston Celtics","Indiana Pacers",""
23,2020-04-08,"Spectrum Center","Charlotte Hornets","Toronto Raptors",""
23,2020-04-08,"Madison Square Garden","New York Knicks","Orlando Magic",""
23,2020-04-08,"Toyota Center","Houston Rockets","San Antonio Spurs",""
23,2020-04-08,"Chase Center","Golden State Warriors","Cleveland Cavaliers",""
23,2020-04-08,"Staples Center","LA Clippers","Chicago Bulls",""
23,2020-04-09,"AmericanAirlines Arena","Miami Heat","Detroit Pistons",""
24,2020-04-09,"Fiserv Forum","Milwaukee Bucks","Brooklyn Nets",""
24,2020-04-09,"Target Center","Minnesota Timberwolves","Sacramento Kings",""
24,2020-04-09,"Smoothie King Center","New Orleans Pelicans","Phoenix Suns",""
24,2020-04-09,"Moda Center","Portland Trail Blazers","Denver Nuggets",""
24,2020-04-09,"Staples Center","Los Angeles Lakers","Golden State Warriors",""
24,2020-04-10,"Amway Center","Orlando Magic","Boston Celtics",""
24,2020-04-10,"Scotiabank Arena","Toronto Raptors","Atlanta Hawks",""
24,2020-04-10,"Toyota Center","Houston Rockets","Washington Wizards",""
24,2020-04-10,"Chesapeake Energy Arena","Oklahoma City Thunder","New York Knicks",""
24,2020-04-10,"AT&T Center","San Antonio Spurs","Philadelphia 76ers",""
24,2020-04-11,"American Airlines Center","Dallas Mavericks","Detroit Pistons",""
24,2020-04-11,"Spectrum Center","Charlotte Hornets","Washington Wizards",""
24,2020-04-11,"Bankers Life Fieldhouse","Indiana Pacers","Orlando Magic",""
24,2020-04-11,"Smoothie King Center","New Orleans Pelicans","Philadelphia 76ers",""
24,2020-04-11,"Rocket Mortgage FieldHouse","Cleveland Cavaliers","Milwaukee Bucks",""
24,2020-04-11,"AmericanAirlines Arena","Miami Heat","Boston Celtics",""
24,2020-04-11,"United Center","Chicago Bulls","Brooklyn Nets",""
24,2020-04-11,"FedExForum","Memphis Grizzlies","Oklahoma City Thunder",""
24,2020-04-11,"Staples Center","LA Clippers","Golden State Warriors",""
24,2020-04-11,"Pepsi Center","Denver Nuggets","Sacramento Kings",""
24,2020-04-11,"Talking Stick Resort Arena","Phoenix Suns","Utah Jazz",""
24,2020-04-12,"AT&T Center","San Antonio Spurs","Houston Rockets",""
24,2020-04-12,"Scotiabank Arena","Toronto Raptors","New York Knicks",""
24,2020-04-12,"Fiserv Forum","Milwaukee Bucks","Atlanta Hawks",""
24,2020-04-12,"Staples Center","Los Angeles Lakers","Minnesota Timberwolves",""
24,2020-04-13,"Spectrum Center","Charlotte Hornets","Miami Heat",""
24,2020-04-13,"Rocket Mortgage FieldHouse","Cleveland Cavaliers","Brooklyn Nets",""
24,2020-04-13,"Little Caesars Arena","Detroit Pistons","Boston Celtics",""
24,2020-04-13,"Bankers Life Fieldhouse","Indiana Pacers","San Antonio Spurs",""
24,2020-04-13,"United Center","Chicago Bulls","Orlando Magic",""
24,2020-04-13,"Toyota Center","Houston Rockets","Phoenix Suns",""
24,2020-04-13,"FedExForum","Memphis Grizzlies","Philadelphia 76ers",""
24,2020-04-13,"Smoothie King Center","New Orleans Pelicans","Washington Wizards",""
24,2020-04-13,"Chesapeake Energy Arena","Oklahoma City Thunder","Utah Jazz",""
24,2020-04-13,"Pepsi Center","Denver Nuggets","Dallas Mavericks",""
24,2020-04-13,"Chase Center","Golden State Warriors","Portland Trail Blazers",""
24,2020-04-13,"Staples Center","LA Clippers","Minnesota Timberwolves",""
24,2020-04-14,"AmericanAirlines Arena","Miami Heat","Toronto Raptors",""
24,2020-04-14,"Madison Square Garden","New York Knicks","Detroit Pistons",""
24,2020-04-14,"Vivint Smart Home Arena","Utah Jazz","Denver Nuggets",""
24,2020-04-14,"Staples Center","Los Angeles Lakers","Sacramento Kings",""
24,2020-04-15,"State Farm Arena","Atlanta Hawks","Cleveland Cavaliers",""
24,2020-04-15,"TD Garden","Boston Celtics","Chicago Bulls",""
24,2020-04-15,"Barclays Center","Brooklyn Nets","Milwaukee Bucks",""
24,2020-04-15,"Amway Center","Orlando Magic","Toronto Raptors",""
24,2020-04-15,"Wells Fargo Center","Philadelphia 76ers","Charlotte Hornets",""
24,2020-04-15,"Capital One Arena","Washington Wizards","Indiana Pacers",""
24,2020-04-15,"American Airlines Center","Dallas Mavericks","Oklahoma City Thunder",""
24,2020-04-15,"Toyota Center","Houston Rockets","Memphis Grizzlies",""
24,2020-04-15,"Target Center","Minnesota Timberwolves","New York Knicks",""
24,2020-04-15,"AT&T Center","San Antonio Spurs","New Orleans Pelicans",""
24,2020-04-15,"Talking Stick Resort Arena","Phoenix Suns","Los Angeles Lakers",""
24,2020-04-15,"Moda Center","Portland Trail Blazers","LA Clippers",""
24,2020-04-15,"Golden 1 Center","Sacramento Kings","Golden State Warriors",""
